year,State,Municipality,INEGI code,ENTIDAD,MUNICIPIO,total_homicides,oil_thefts
2011,21,001,21001,PUEBLA,ACAJETE,1,5
2011,21,002,21002,PUEBLA,ACATENO,0,0
2011,21,003,21003,PUEBLA,ACATLAN,1,0
2011,21,004,21004,PUEBLA,ACATZINGO,7,5
2011,21,005,21005,PUEBLA,ACTEOPAN,0,0
2011,21,006,21006,PUEBLA,AHUACATLAN,0,0
2011,21,007,21007,PUEBLA,AHUATLAN,0,0
2011,21,008,21008,PUEBLA,AHUAZOTEPEC,0,0
2011,21,009,21009,PUEBLA,AHUEHUETITLA,0,0
2011,21,010,21010,PUEBLA,AJALPAN,5,0
2011,21,011,21011,PUEBLA,ALBINO ZERTUCHE,0,0
2011,21,012,21012,PUEBLA,ALJOJUCA,0,0
2011,21,013,21013,PUEBLA,ALTEPEXI,0,0
2011,21,014,21014,PUEBLA,AMIXTLAN,0,0
2011,21,015,21015,PUEBLA,AMOZOC,3,15
2011,21,016,21016,PUEBLA,AQUIXTLA,0,0
2011,21,017,21017,PUEBLA,ATEMPAN,0,0
2011,21,018,21018,PUEBLA,ATEXCAL,0,0
2011,21,019,21019,PUEBLA,ATLIXCO,18,0
2011,21,020,21020,PUEBLA,ATOYATEMPAN,0,0
2011,21,021,21021,PUEBLA,ATZALA,0,0
2011,21,022,21022,PUEBLA,ATZITZIHUACAN,0,0
2011,21,023,21023,PUEBLA,ATZITZINTLA,0,0
2011,21,024,21024,PUEBLA,AXUTLA,0,0
2011,21,025,21025,PUEBLA,AYOTOXCO DE GUERRERO,0,0
2011,21,026,21026,PUEBLA,CALPAN,0,0
2011,21,027,21027,PUEBLA,CALTEPEC,0,0
2011,21,028,21028,PUEBLA,CAMOCUAUTLA,0,0
2011,21,029,21029,PUEBLA,CAXHUACAN,1,0
2011,21,030,21030,PUEBLA,COATEPEC,0,0
2011,21,031,21031,PUEBLA,COATZINGO,0,0
2011,21,032,21032,PUEBLA,COHETZALA,0,0
2011,21,033,21033,PUEBLA,COHUECAN,0,0
2011,21,034,21034,PUEBLA,CORONANGO,0,8
2011,21,035,21035,PUEBLA,COXCATLAN,0,0
2011,21,036,21036,PUEBLA,COYOMEAPAN,0,0
2011,21,037,21037,PUEBLA,COYOTEPEC,0,0
2011,21,038,21038,PUEBLA,CUAPIAXTLA DE MADERO,0,0
2011,21,039,21039,PUEBLA,CUAUTEMPAN,0,0
2011,21,040,21040,PUEBLA,CUAUTINCHAN,0,0
2011,21,041,21041,PUEBLA,CUAUTLANCINGO,4,1
2011,21,042,21042,PUEBLA,CUAYUCA DE ANDRADE,0,0
2011,21,043,21043,PUEBLA,CUETZALAN DEL PROGRESO,0,0
2011,21,044,21044,PUEBLA,CUYOACO,0,0
2011,21,045,21045,PUEBLA,CHALCHICOMULA DE SESMA,5,0
2011,21,046,21046,PUEBLA,CHAPULCO,0,0
2011,21,047,21047,PUEBLA,CHIAUTLA,0,0
2011,21,048,21048,PUEBLA,CHIAUTZINGO,0,0
2011,21,049,21049,PUEBLA,CHICONCUAUTLA,1,0
2011,21,050,21050,PUEBLA,CHICHIQUILA,0,0
2011,21,051,21051,PUEBLA,CHIETLA,0,0
2011,21,052,21052,PUEBLA,CHIGMECATITLAN,0,0
2011,21,053,21053,PUEBLA,CHIGNAHUAPAN,4,0
2011,21,054,21054,PUEBLA,CHIGNAUTLA,2,0
2011,21,055,21055,PUEBLA,CHILA,1,0
2011,21,056,21056,PUEBLA,CHILA DE LA SAL,0,0
2011,21,057,21057,PUEBLA,HONEY,0,0
2011,21,058,21058,PUEBLA,CHILCHOTLA,0,0
2011,21,059,21059,PUEBLA,CHINANTLA,0,0
2011,21,060,21060,PUEBLA,DOMINGO ARENAS,0,0
2011,21,061,21061,PUEBLA,ELOXOCHITLAN,0,0
2011,21,062,21062,PUEBLA,EPATLAN,1,0
2011,21,063,21063,PUEBLA,ESPERANZA,2,0
2011,21,064,21064,PUEBLA,FRANCISCO Z. MENA,2,0
2011,21,065,21065,PUEBLA,GENERAL FELIPE ANGELES,0,0
2011,21,066,21066,PUEBLA,GUADALUPE,0,0
2011,21,067,21067,PUEBLA,GUADALUPE VICTORIA,0,0
2011,21,068,21068,PUEBLA,HERMENEGILDO GALEANA,0,0
2011,21,069,21069,PUEBLA,HUAQUECHULA,0,0
2011,21,070,21070,PUEBLA,HUATLATLAUCA,0,0
2011,21,071,21071,PUEBLA,HUAUCHINANGO,10,0
2011,21,072,21072,PUEBLA,HUEHUETLA,0,0
2011,21,073,21073,PUEBLA,HUEHUETLAN EL CHICO,1,0
2011,21,074,21074,PUEBLA,HUEJOTZINGO,11,16
2011,21,075,21075,PUEBLA,HUEYAPAN,0,0
2011,21,076,21076,PUEBLA,HUEYTAMALCO,1,0
2011,21,077,21077,PUEBLA,HUEYTLALPAN,0,0
2011,21,078,21078,PUEBLA,HUITZILAN DE SERDAN,1,0
2011,21,079,21079,PUEBLA,HUITZILTEPEC,2,0
2011,21,080,21080,PUEBLA,ATLEQUIZAYAN,0,0
2011,21,081,21081,PUEBLA,IXCAMILPA DE GUERRERO,1,0
2011,21,082,21082,PUEBLA,IXCAQUIXTLA,0,0
2011,21,083,21083,PUEBLA,IXTACAMAXTITLAN,1,0
2011,21,084,21084,PUEBLA,IXTEPEC,0,0
2011,21,085,21085,PUEBLA,IZUCAR DE MATAMOROS,16,0
2011,21,086,21086,PUEBLA,JALPAN,3,0
2011,21,087,21087,PUEBLA,JOLALPAN,0,0
2011,21,088,21088,PUEBLA,JONOTLA,0,0
2011,21,089,21089,PUEBLA,JOPALA,0,0
2011,21,090,21090,PUEBLA,JUAN C. BONILLA,1,1
2011,21,091,21091,PUEBLA,JUAN GALINDO,0,0
2011,21,092,21092,PUEBLA,JUAN N. MENDEZ,0,0
2011,21,093,21093,PUEBLA,LAFRAGUA,0,0
2011,21,094,21094,PUEBLA,LIBRES,0,0
2011,21,095,21095,PUEBLA,LA MAGDALENA TLATLAUQUITEPEC,0,0
2011,21,096,21096,PUEBLA,MAZAPILTEPEC DE JUAREZ,0,0
2011,21,097,21097,PUEBLA,MIXTLA,0,0
2011,21,098,21098,PUEBLA,MOLCAXAC,0,0
2011,21,099,21099,PUEBLA,CA„ADA MORELOS,0,0
2011,21,100,21100,PUEBLA,NAUPAN,1,0
2011,21,101,21101,PUEBLA,NAUZONTLA,0,0
2011,21,102,21102,PUEBLA,NEALTICAN,0,0
2011,21,103,21103,PUEBLA,NICOLAS BRAVO,2,0
2011,21,104,21104,PUEBLA,NOPALUCAN,1,0
2011,21,105,21105,PUEBLA,OCOTEPEC,0,0
2011,21,106,21106,PUEBLA,OCOYUCAN,0,0
2011,21,107,21107,PUEBLA,OLINTLA,0,0
2011,21,108,21108,PUEBLA,ORIENTAL,1,0
2011,21,109,21109,PUEBLA,PAHUATLAN,2,0
2011,21,110,21110,PUEBLA,PALMAR DE BRAVO,5,1
2011,21,111,21111,PUEBLA,PANTEPEC,2,0
2011,21,112,21112,PUEBLA,PETLALCINGO,0,0
2011,21,113,21113,PUEBLA,PIAXTLA,0,0
2011,21,114,21114,PUEBLA,PUEBLA,141,8
2011,21,115,21115,PUEBLA,QUECHOLAC,2,3
2011,21,116,21116,PUEBLA,QUIMIXTLAN,0,0
2011,21,117,21117,PUEBLA,RAFAEL LARA GRAJALES,0,0
2011,21,118,21118,PUEBLA,LOS REYES DE JUAREZ,0,0
2011,21,119,21119,PUEBLA,SAN ANDRES CHOLULA,23,0
2011,21,120,21120,PUEBLA,SAN ANTONIO CA„ADA,1,0
2011,21,121,21121,PUEBLA,SAN DIEGO LA MESA TOCHIMILTZINGO,0,0
2011,21,122,21122,PUEBLA,SAN FELIPE TEOTLALCINGO,0,0
2011,21,123,21123,PUEBLA,SAN FELIPE TEPATLAN,0,0
2011,21,124,21124,PUEBLA,SAN GABRIEL CHILAC,0,0
2011,21,125,21125,PUEBLA,SAN GREGORIO ATZOMPA,0,0
2011,21,126,21126,PUEBLA,SAN JERONIMO TECUANIPAN,0,0
2011,21,127,21127,PUEBLA,SAN JERONIMO XAYACATLAN,1,0
2011,21,128,21128,PUEBLA,SAN JOSE CHIAPA,0,0
2011,21,129,21129,PUEBLA,SAN JOSE MIAHUATLAN,0,0
2011,21,130,21130,PUEBLA,SAN JUAN ATENCO,0,0
2011,21,131,21131,PUEBLA,SAN JUAN ATZOMPA,0,0
2011,21,132,21132,PUEBLA,SAN MARTIN TEXMELUCAN,9,2
2011,21,133,21133,PUEBLA,SAN MARTIN TOTOLTEPEC,0,0
2011,21,134,21134,PUEBLA,SAN MATIAS TLALANCALECA,0,0
2011,21,135,21135,PUEBLA,SAN MIGUEL IXITLAN,0,0
2011,21,136,21136,PUEBLA,SAN MIGUEL XOXTLA,0,1
2011,21,137,21137,PUEBLA,SAN NICOLAS BUENOS AIRES,0,0
2011,21,138,21138,PUEBLA,SAN NICOLAS DE LOS RANCHOS,0,0
2011,21,139,21139,PUEBLA,SAN PABLO ANICANO,1,0
2011,21,140,21140,PUEBLA,SAN PEDRO CHOLULA,24,0
2011,21,141,21141,PUEBLA,SAN PEDRO YELOIXTLAHUACA,0,0
2011,21,142,21142,PUEBLA,SAN SALVADOR EL SECO,0,0
2011,21,143,21143,PUEBLA,SAN SALVADOR EL VERDE,2,0
2011,21,144,21144,PUEBLA,SAN SALVADOR HUIXCOLOTLA,0,0
2011,21,145,21145,PUEBLA,SAN SEBASTIAN TLACOTEPEC,0,0
2011,21,146,21146,PUEBLA,SANTA CATARINA TLALTEMPAN,0,0
2011,21,147,21147,PUEBLA,SANTA INES AHUATEMPAN,0,0
2011,21,148,21148,PUEBLA,SANTA ISABEL CHOLULA,0,0
2011,21,149,21149,PUEBLA,SANTIAGO MIAHUATLAN,1,0
2011,21,150,21150,PUEBLA,HUEHUETLAN EL GRANDE,0,0
2011,21,151,21151,PUEBLA,SANTO TOMAS HUEYOTLIPAN,0,0
2011,21,152,21152,PUEBLA,SOLTEPEC,0,0
2011,21,153,21153,PUEBLA,TECALI DE HERRERA,3,0
2011,21,154,21154,PUEBLA,TECAMACHALCO,8,1
2011,21,155,21155,PUEBLA,TECOMATLAN,1,0
2011,21,156,21156,PUEBLA,TEHUACAN,80,0
2011,21,157,21157,PUEBLA,TEHUITZINGO,0,0
2011,21,158,21158,PUEBLA,TENAMPULCO,0,0
2011,21,159,21159,PUEBLA,TEOPANTLAN,0,0
2011,21,160,21160,PUEBLA,TEOTLALCO,0,0
2011,21,161,21161,PUEBLA,TEPANCO DE LOPEZ,1,0
2011,21,162,21162,PUEBLA,TEPANGO DE RODRIGUEZ,0,0
2011,21,163,21163,PUEBLA,TEPATLAXCO DE HIDALGO,0,0
2011,21,164,21164,PUEBLA,TEPEACA,15,4
2011,21,165,21165,PUEBLA,TEPEMAXALCO,0,0
2011,21,166,21166,PUEBLA,TEPEOJUMA,0,0
2011,21,167,21167,PUEBLA,TEPETZINTLA,0,0
2011,21,168,21168,PUEBLA,TEPEXCO,13,0
2011,21,169,21169,PUEBLA,TEPEXI DE RODRIGUEZ,0,0
2011,21,170,21170,PUEBLA,TEPEYAHUALCO,0,0
2011,21,171,21171,PUEBLA,TEPEYAHUALCO DE CUAUHTEMOC,0,0
2011,21,172,21172,PUEBLA,TETELA DE OCAMPO,0,0
2011,21,173,21173,PUEBLA,TETELES DE AVILA CASTILLO,0,0
2011,21,174,21174,PUEBLA,TEZIUTLAN,3,0
2011,21,175,21175,PUEBLA,TIANGUISMANALCO,0,0
2011,21,176,21176,PUEBLA,TILAPA,1,0
2011,21,177,21177,PUEBLA,TLACOTEPEC DE BENITO JUAREZ,0,0
2011,21,178,21178,PUEBLA,TLACUILOTEPEC,0,0
2011,21,179,21179,PUEBLA,TLACHICHUCA,0,0
2011,21,180,21180,PUEBLA,TLAHUAPAN,2,1
2011,21,181,21181,PUEBLA,TLALTENANGO,1,2
2011,21,182,21182,PUEBLA,TLANEPANTLA,0,0
2011,21,183,21183,PUEBLA,TLAOLA,3,0
2011,21,184,21184,PUEBLA,TLAPACOYA,0,0
2011,21,185,21185,PUEBLA,TLAPANALA,0,0
2011,21,186,21186,PUEBLA,TLATLAUQUITEPEC,0,0
2011,21,187,21187,PUEBLA,TLAXCO,0,0
2011,21,188,21188,PUEBLA,TOCHIMILCO,0,0
2011,21,189,21189,PUEBLA,TOCHTEPEC,0,0
2011,21,190,21190,PUEBLA,TOTOLTEPEC DE GUERRERO,0,0
2011,21,191,21191,PUEBLA,TULCINGO,1,0
2011,21,192,21192,PUEBLA,TUZAMAPAN DE GALEANA,0,0
2011,21,193,21193,PUEBLA,TZICATLACOYAN,0,0
2011,21,194,21194,PUEBLA,VENUSTIANO CARRANZA,2,0
2011,21,195,21195,PUEBLA,VICENTE GUERRERO,0,0
2011,21,196,21196,PUEBLA,XAYACATLAN DE BRAVO,0,0
2011,21,197,21197,PUEBLA,XICOTEPEC,7,0
2011,21,198,21198,PUEBLA,XICOTLAN,0,0
2011,21,199,21199,PUEBLA,XIUTETELCO,0,0
2011,21,200,21200,PUEBLA,XOCHIAPULCO,0,0
2011,21,201,21201,PUEBLA,XOCHILTEPEC,0,0
2011,21,202,21202,PUEBLA,XOCHITLAN DE VICENTE SUAREZ,0,0
2011,21,203,21203,PUEBLA,XOCHITLAN TODOS SANTOS,0,0
2011,21,204,21204,PUEBLA,YAONAHUAC,0,0
2011,21,205,21205,PUEBLA,YEHUALTEPEC,0,0
2011,21,206,21206,PUEBLA,ZACAPALA,0,0
2011,21,207,21207,PUEBLA,ZACAPOAXTLA,5,0
2011,21,208,21208,PUEBLA,ZACATLAN,27,0
2011,21,209,21209,PUEBLA,ZAPOTITLAN,0,0
2011,21,210,21210,PUEBLA,ZAPOTITLAN DE MENDEZ,0,0
2011,21,211,21211,PUEBLA,ZARAGOZA,0,0
2011,21,212,21212,PUEBLA,ZAUTLA,0,0
2011,21,213,21213,PUEBLA,ZIHUATEUTLA,0,0
2011,21,214,21214,PUEBLA,ZINACATEPEC,0,0
2011,21,215,21215,PUEBLA,ZONGOZOTLA,0,0
2011,21,216,21216,PUEBLA,ZOQUIAPAN,0,0
2011,21,217,21217,PUEBLA,ZOQUITLAN,1,0
2012,21,001,21001,PUEBLA,ACAJETE,2,6
2012,21,002,21002,PUEBLA,ACATENO,0,0
2012,21,003,21003,PUEBLA,ACATLAN,11,0
2012,21,004,21004,PUEBLA,ACATZINGO,3,7
2012,21,005,21005,PUEBLA,ACTEOPAN,0,0
2012,21,006,21006,PUEBLA,AHUACATLAN,2,0
2012,21,007,21007,PUEBLA,AHUATLAN,0,0
2012,21,008,21008,PUEBLA,AHUAZOTEPEC,1,0
2012,21,009,21009,PUEBLA,AHUEHUETITLA,0,0
2012,21,010,21010,PUEBLA,AJALPAN,2,0
2012,21,011,21011,PUEBLA,ALBINO ZERTUCHE,0,0
2012,21,012,21012,PUEBLA,ALJOJUCA,1,0
2012,21,013,21013,PUEBLA,ALTEPEXI,0,0
2012,21,014,21014,PUEBLA,AMIXTLAN,0,0
2012,21,015,21015,PUEBLA,AMOZOC,9,9
2012,21,016,21016,PUEBLA,AQUIXTLA,0,0
2012,21,017,21017,PUEBLA,ATEMPAN,0,0
2012,21,018,21018,PUEBLA,ATEXCAL,1,0
2012,21,019,21019,PUEBLA,ATLIXCO,19,0
2012,21,020,21020,PUEBLA,ATOYATEMPAN,0,0
2012,21,021,21021,PUEBLA,ATZALA,0,0
2012,21,022,21022,PUEBLA,ATZITZIHUACAN,2,0
2012,21,023,21023,PUEBLA,ATZITZINTLA,0,0
2012,21,024,21024,PUEBLA,AXUTLA,0,0
2012,21,025,21025,PUEBLA,AYOTOXCO DE GUERRERO,1,0
2012,21,026,21026,PUEBLA,CALPAN,2,0
2012,21,027,21027,PUEBLA,CALTEPEC,0,0
2012,21,028,21028,PUEBLA,CAMOCUAUTLA,0,0
2012,21,029,21029,PUEBLA,CAXHUACAN,0,0
2012,21,030,21030,PUEBLA,COATEPEC,0,0
2012,21,031,21031,PUEBLA,COATZINGO,0,0
2012,21,032,21032,PUEBLA,COHETZALA,1,0
2012,21,033,21033,PUEBLA,COHUECAN,0,0
2012,21,034,21034,PUEBLA,CORONANGO,3,4
2012,21,035,21035,PUEBLA,COXCATLAN,1,0
2012,21,036,21036,PUEBLA,COYOMEAPAN,0,0
2012,21,037,21037,PUEBLA,COYOTEPEC,0,0
2012,21,038,21038,PUEBLA,CUAPIAXTLA DE MADERO,0,0
2012,21,039,21039,PUEBLA,CUAUTEMPAN,0,0
2012,21,040,21040,PUEBLA,CUAUTINCHAN,1,0
2012,21,041,21041,PUEBLA,CUAUTLANCINGO,6,3
2012,21,042,21042,PUEBLA,CUAYUCA DE ANDRADE,1,0
2012,21,043,21043,PUEBLA,CUETZALAN DEL PROGRESO,3,0
2012,21,044,21044,PUEBLA,CUYOACO,2,0
2012,21,045,21045,PUEBLA,CHALCHICOMULA DE SESMA,4,0
2012,21,046,21046,PUEBLA,CHAPULCO,0,0
2012,21,047,21047,PUEBLA,CHIAUTLA,1,0
2012,21,048,21048,PUEBLA,CHIAUTZINGO,1,0
2012,21,049,21049,PUEBLA,CHICONCUAUTLA,1,0
2012,21,050,21050,PUEBLA,CHICHIQUILA,1,0
2012,21,051,21051,PUEBLA,CHIETLA,5,0
2012,21,052,21052,PUEBLA,CHIGMECATITLAN,0,0
2012,21,053,21053,PUEBLA,CHIGNAHUAPAN,13,0
2012,21,054,21054,PUEBLA,CHIGNAUTLA,1,0
2012,21,055,21055,PUEBLA,CHILA,0,0
2012,21,056,21056,PUEBLA,CHILA DE LA SAL,0,0
2012,21,057,21057,PUEBLA,HONEY,1,0
2012,21,058,21058,PUEBLA,CHILCHOTLA,0,0
2012,21,059,21059,PUEBLA,CHINANTLA,1,0
2012,21,060,21060,PUEBLA,DOMINGO ARENAS,0,0
2012,21,061,21061,PUEBLA,ELOXOCHITLAN,1,0
2012,21,062,21062,PUEBLA,EPATLAN,0,0
2012,21,063,21063,PUEBLA,ESPERANZA,5,2
2012,21,064,21064,PUEBLA,FRANCISCO Z. MENA,2,0
2012,21,065,21065,PUEBLA,GENERAL FELIPE ANGELES,1,0
2012,21,066,21066,PUEBLA,GUADALUPE,3,0
2012,21,067,21067,PUEBLA,GUADALUPE VICTORIA,3,0
2012,21,068,21068,PUEBLA,HERMENEGILDO GALEANA,0,0
2012,21,069,21069,PUEBLA,HUAQUECHULA,5,0
2012,21,070,21070,PUEBLA,HUATLATLAUCA,0,0
2012,21,071,21071,PUEBLA,HUAUCHINANGO,17,0
2012,21,072,21072,PUEBLA,HUEHUETLA,1,0
2012,21,073,21073,PUEBLA,HUEHUETLAN EL CHICO,1,0
2012,21,074,21074,PUEBLA,HUEJOTZINGO,12,17
2012,21,075,21075,PUEBLA,HUEYAPAN,1,0
2012,21,076,21076,PUEBLA,HUEYTAMALCO,1,0
2012,21,077,21077,PUEBLA,HUEYTLALPAN,0,0
2012,21,078,21078,PUEBLA,HUITZILAN DE SERDAN,0,0
2012,21,079,21079,PUEBLA,HUITZILTEPEC,1,0
2012,21,080,21080,PUEBLA,ATLEQUIZAYAN,0,0
2012,21,081,21081,PUEBLA,IXCAMILPA DE GUERRERO,0,0
2012,21,082,21082,PUEBLA,IXCAQUIXTLA,0,0
2012,21,083,21083,PUEBLA,IXTACAMAXTITLAN,0,0
2012,21,084,21084,PUEBLA,IXTEPEC,0,0
2012,21,085,21085,PUEBLA,IZUCAR DE MATAMOROS,23,0
2012,21,086,21086,PUEBLA,JALPAN,0,0
2012,21,087,21087,PUEBLA,JOLALPAN,1,0
2012,21,088,21088,PUEBLA,JONOTLA,0,0
2012,21,089,21089,PUEBLA,JOPALA,0,0
2012,21,090,21090,PUEBLA,JUAN C. BONILLA,1,0
2012,21,091,21091,PUEBLA,JUAN GALINDO,0,0
2012,21,092,21092,PUEBLA,JUAN N. MENDEZ,0,0
2012,21,093,21093,PUEBLA,LAFRAGUA,2,0
2012,21,094,21094,PUEBLA,LIBRES,6,0
2012,21,095,21095,PUEBLA,LA MAGDALENA TLATLAUQUITEPEC,0,0
2012,21,096,21096,PUEBLA,MAZAPILTEPEC DE JUAREZ,0,0
2012,21,097,21097,PUEBLA,MIXTLA,0,0
2012,21,098,21098,PUEBLA,MOLCAXAC,2,0
2012,21,099,21099,PUEBLA,CA„ADA MORELOS,2,0
2012,21,100,21100,PUEBLA,NAUPAN,2,0
2012,21,101,21101,PUEBLA,NAUZONTLA,0,0
2012,21,102,21102,PUEBLA,NEALTICAN,0,0
2012,21,103,21103,PUEBLA,NICOLAS BRAVO,1,0
2012,21,104,21104,PUEBLA,NOPALUCAN,0,0
2012,21,105,21105,PUEBLA,OCOTEPEC,0,0
2012,21,106,21106,PUEBLA,OCOYUCAN,0,0
2012,21,107,21107,PUEBLA,OLINTLA,0,0
2012,21,108,21108,PUEBLA,ORIENTAL,0,0
2012,21,109,21109,PUEBLA,PAHUATLAN,3,0
2012,21,110,21110,PUEBLA,PALMAR DE BRAVO,4,7
2012,21,111,21111,PUEBLA,PANTEPEC,4,0
2012,21,112,21112,PUEBLA,PETLALCINGO,1,0
2012,21,113,21113,PUEBLA,PIAXTLA,5,0
2012,21,114,21114,PUEBLA,PUEBLA,125,15
2012,21,115,21115,PUEBLA,QUECHOLAC,7,9
2012,21,116,21116,PUEBLA,QUIMIXTLAN,2,0
2012,21,117,21117,PUEBLA,RAFAEL LARA GRAJALES,0,0
2012,21,118,21118,PUEBLA,LOS REYES DE JUAREZ,0,1
2012,21,119,21119,PUEBLA,SAN ANDRES CHOLULA,8,0
2012,21,120,21120,PUEBLA,SAN ANTONIO CA„ADA,0,0
2012,21,121,21121,PUEBLA,SAN DIEGO LA MESA TOCHIMILTZINGO,0,0
2012,21,122,21122,PUEBLA,SAN FELIPE TEOTLALCINGO,2,0
2012,21,123,21123,PUEBLA,SAN FELIPE TEPATLAN,1,0
2012,21,124,21124,PUEBLA,SAN GABRIEL CHILAC,0,0
2012,21,125,21125,PUEBLA,SAN GREGORIO ATZOMPA,0,0
2012,21,126,21126,PUEBLA,SAN JERONIMO TECUANIPAN,0,0
2012,21,127,21127,PUEBLA,SAN JERONIMO XAYACATLAN,2,0
2012,21,128,21128,PUEBLA,SAN JOSE CHIAPA,0,0
2012,21,129,21129,PUEBLA,SAN JOSE MIAHUATLAN,0,0
2012,21,130,21130,PUEBLA,SAN JUAN ATENCO,0,0
2012,21,131,21131,PUEBLA,SAN JUAN ATZOMPA,0,0
2012,21,132,21132,PUEBLA,SAN MARTIN TEXMELUCAN,5,3
2012,21,133,21133,PUEBLA,SAN MARTIN TOTOLTEPEC,0,0
2012,21,134,21134,PUEBLA,SAN MATIAS TLALANCALECA,5,8
2012,21,135,21135,PUEBLA,SAN MIGUEL IXITLAN,0,0
2012,21,136,21136,PUEBLA,SAN MIGUEL XOXTLA,1,1
2012,21,137,21137,PUEBLA,SAN NICOLAS BUENOS AIRES,1,0
2012,21,138,21138,PUEBLA,SAN NICOLAS DE LOS RANCHOS,0,0
2012,21,139,21139,PUEBLA,SAN PABLO ANICANO,0,0
2012,21,140,21140,PUEBLA,SAN PEDRO CHOLULA,17,0
2012,21,141,21141,PUEBLA,SAN PEDRO YELOIXTLAHUACA,1,0
2012,21,142,21142,PUEBLA,SAN SALVADOR EL SECO,3,0
2012,21,143,21143,PUEBLA,SAN SALVADOR EL VERDE,2,1
2012,21,144,21144,PUEBLA,SAN SALVADOR HUIXCOLOTLA,0,0
2012,21,145,21145,PUEBLA,SAN SEBASTIAN TLACOTEPEC,0,0
2012,21,146,21146,PUEBLA,SANTA CATARINA TLALTEMPAN,0,0
2012,21,147,21147,PUEBLA,SANTA INES AHUATEMPAN,1,0
2012,21,148,21148,PUEBLA,SANTA ISABEL CHOLULA,1,0
2012,21,149,21149,PUEBLA,SANTIAGO MIAHUATLAN,0,0
2012,21,150,21150,PUEBLA,HUEHUETLAN EL GRANDE,1,0
2012,21,151,21151,PUEBLA,SANTO TOMAS HUEYOTLIPAN,0,0
2012,21,152,21152,PUEBLA,SOLTEPEC,0,0
2012,21,153,21153,PUEBLA,TECALI DE HERRERA,2,0
2012,21,154,21154,PUEBLA,TECAMACHALCO,35,1
2012,21,155,21155,PUEBLA,TECOMATLAN,2,0
2012,21,156,21156,PUEBLA,TEHUACAN,106,0
2012,21,157,21157,PUEBLA,TEHUITZINGO,5,0
2012,21,158,21158,PUEBLA,TENAMPULCO,3,0
2012,21,159,21159,PUEBLA,TEOPANTLAN,0,0
2012,21,160,21160,PUEBLA,TEOTLALCO,0,0
2012,21,161,21161,PUEBLA,TEPANCO DE LOPEZ,0,0
2012,21,162,21162,PUEBLA,TEPANGO DE RODRIGUEZ,0,0
2012,21,163,21163,PUEBLA,TEPATLAXCO DE HIDALGO,1,0
2012,21,164,21164,PUEBLA,TEPEACA,9,7
2012,21,165,21165,PUEBLA,TEPEMAXALCO,0,0
2012,21,166,21166,PUEBLA,TEPEOJUMA,3,0
2012,21,167,21167,PUEBLA,TEPETZINTLA,2,0
2012,21,168,21168,PUEBLA,TEPEXCO,1,0
2012,21,169,21169,PUEBLA,TEPEXI DE RODRIGUEZ,1,0
2012,21,170,21170,PUEBLA,TEPEYAHUALCO,1,0
2012,21,171,21171,PUEBLA,TEPEYAHUALCO DE CUAUHTEMOC,0,0
2012,21,172,21172,PUEBLA,TETELA DE OCAMPO,4,0
2012,21,173,21173,PUEBLA,TETELES DE AVILA CASTILLO,0,0
2012,21,174,21174,PUEBLA,TEZIUTLAN,5,0
2012,21,175,21175,PUEBLA,TIANGUISMANALCO,1,0
2012,21,176,21176,PUEBLA,TILAPA,0,0
2012,21,177,21177,PUEBLA,TLACOTEPEC DE BENITO JUAREZ,8,0
2012,21,178,21178,PUEBLA,TLACUILOTEPEC,4,0
2012,21,179,21179,PUEBLA,TLACHICHUCA,1,0
2012,21,180,21180,PUEBLA,TLAHUAPAN,1,0
2012,21,181,21181,PUEBLA,TLALTENANGO,1,9
2012,21,182,21182,PUEBLA,TLANEPANTLA,0,0
2012,21,183,21183,PUEBLA,TLAOLA,4,0
2012,21,184,21184,PUEBLA,TLAPACOYA,2,0
2012,21,185,21185,PUEBLA,TLAPANALA,0,0
2012,21,186,21186,PUEBLA,TLATLAUQUITEPEC,0,0
2012,21,187,21187,PUEBLA,TLAXCO,1,0
2012,21,188,21188,PUEBLA,TOCHIMILCO,1,0
2012,21,189,21189,PUEBLA,TOCHTEPEC,2,0
2012,21,190,21190,PUEBLA,TOTOLTEPEC DE GUERRERO,1,0
2012,21,191,21191,PUEBLA,TULCINGO,4,0
2012,21,192,21192,PUEBLA,TUZAMAPAN DE GALEANA,0,0
2012,21,193,21193,PUEBLA,TZICATLACOYAN,1,0
2012,21,194,21194,PUEBLA,VENUSTIANO CARRANZA,6,0
2012,21,195,21195,PUEBLA,VICENTE GUERRERO,3,0
2012,21,196,21196,PUEBLA,XAYACATLAN DE BRAVO,0,0
2012,21,197,21197,PUEBLA,XICOTEPEC,3,0
2012,21,198,21198,PUEBLA,XICOTLAN,0,0
2012,21,199,21199,PUEBLA,XIUTETELCO,2,0
2012,21,200,21200,PUEBLA,XOCHIAPULCO,0,0
2012,21,201,21201,PUEBLA,XOCHILTEPEC,0,0
2012,21,202,21202,PUEBLA,XOCHITLAN DE VICENTE SUAREZ,1,0
2012,21,203,21203,PUEBLA,XOCHITLAN TODOS SANTOS,0,0
2012,21,204,21204,PUEBLA,YAONAHUAC,0,0
2012,21,205,21205,PUEBLA,YEHUALTEPEC,2,0
2012,21,206,21206,PUEBLA,ZACAPALA,0,0
2012,21,207,21207,PUEBLA,ZACAPOAXTLA,3,0
2012,21,208,21208,PUEBLA,ZACATLAN,9,0
2012,21,209,21209,PUEBLA,ZAPOTITLAN,1,0
2012,21,210,21210,PUEBLA,ZAPOTITLAN DE MENDEZ,0,0
2012,21,211,21211,PUEBLA,ZARAGOZA,0,0
2012,21,212,21212,PUEBLA,ZAUTLA,0,0
2012,21,213,21213,PUEBLA,ZIHUATEUTLA,3,0
2012,21,214,21214,PUEBLA,ZINACATEPEC,2,0
2012,21,215,21215,PUEBLA,ZONGOZOTLA,0,0
2012,21,216,21216,PUEBLA,ZOQUIAPAN,0,0
2012,21,217,21217,PUEBLA,ZOQUITLAN,1,0
2013,21,001,21001,PUEBLA,ACAJETE,3,18
2013,21,002,21002,PUEBLA,ACATENO,1,0
2013,21,003,21003,PUEBLA,ACATLAN,6,0
2013,21,004,21004,PUEBLA,ACATZINGO,2,12
2013,21,005,21005,PUEBLA,ACTEOPAN,0,0
2013,21,006,21006,PUEBLA,AHUACATLAN,2,0
2013,21,007,21007,PUEBLA,AHUATLAN,0,0
2013,21,008,21008,PUEBLA,AHUAZOTEPEC,4,0
2013,21,009,21009,PUEBLA,AHUEHUETITLA,0,0
2013,21,010,21010,PUEBLA,AJALPAN,4,0
2013,21,011,21011,PUEBLA,ALBINO ZERTUCHE,0,0
2013,21,012,21012,PUEBLA,ALJOJUCA,0,0
2013,21,013,21013,PUEBLA,ALTEPEXI,0,0
2013,21,014,21014,PUEBLA,AMIXTLAN,0,0
2013,21,015,21015,PUEBLA,AMOZOC,6,22
2013,21,016,21016,PUEBLA,AQUIXTLA,1,0
2013,21,017,21017,PUEBLA,ATEMPAN,2,0
2013,21,018,21018,PUEBLA,ATEXCAL,0,0
2013,21,019,21019,PUEBLA,ATLIXCO,14,0
2013,21,020,21020,PUEBLA,ATOYATEMPAN,0,0
2013,21,021,21021,PUEBLA,ATZALA,1,0
2013,21,022,21022,PUEBLA,ATZITZIHUACAN,4,0
2013,21,023,21023,PUEBLA,ATZITZINTLA,0,0
2013,21,024,21024,PUEBLA,AXUTLA,0,0
2013,21,025,21025,PUEBLA,AYOTOXCO DE GUERRERO,2,0
2013,21,026,21026,PUEBLA,CALPAN,1,0
2013,21,027,21027,PUEBLA,CALTEPEC,0,0
2013,21,028,21028,PUEBLA,CAMOCUAUTLA,0,0
2013,21,029,21029,PUEBLA,CAXHUACAN,0,0
2013,21,030,21030,PUEBLA,COATEPEC,0,0
2013,21,031,21031,PUEBLA,COATZINGO,0,0
2013,21,032,21032,PUEBLA,COHETZALA,0,0
2013,21,033,21033,PUEBLA,COHUECAN,0,0
2013,21,034,21034,PUEBLA,CORONANGO,3,7
2013,21,035,21035,PUEBLA,COXCATLAN,1,0
2013,21,036,21036,PUEBLA,COYOMEAPAN,1,0
2013,21,037,21037,PUEBLA,COYOTEPEC,0,0
2013,21,038,21038,PUEBLA,CUAPIAXTLA DE MADERO,2,0
2013,21,039,21039,PUEBLA,CUAUTEMPAN,0,0
2013,21,040,21040,PUEBLA,CUAUTINCHAN,0,0
2013,21,041,21041,PUEBLA,CUAUTLANCINGO,5,8
2013,21,042,21042,PUEBLA,CUAYUCA DE ANDRADE,0,0
2013,21,043,21043,PUEBLA,CUETZALAN DEL PROGRESO,8,0
2013,21,044,21044,PUEBLA,CUYOACO,0,0
2013,21,045,21045,PUEBLA,CHALCHICOMULA DE SESMA,1,0
2013,21,046,21046,PUEBLA,CHAPULCO,2,0
2013,21,047,21047,PUEBLA,CHIAUTLA,1,0
2013,21,048,21048,PUEBLA,CHIAUTZINGO,1,0
2013,21,049,21049,PUEBLA,CHICONCUAUTLA,2,0
2013,21,050,21050,PUEBLA,CHICHIQUILA,0,0
2013,21,051,21051,PUEBLA,CHIETLA,7,0
2013,21,052,21052,PUEBLA,CHIGMECATITLAN,0,0
2013,21,053,21053,PUEBLA,CHIGNAHUAPAN,5,0
2013,21,054,21054,PUEBLA,CHIGNAUTLA,2,0
2013,21,055,21055,PUEBLA,CHILA,2,0
2013,21,056,21056,PUEBLA,CHILA DE LA SAL,1,0
2013,21,057,21057,PUEBLA,HONEY,0,0
2013,21,058,21058,PUEBLA,CHILCHOTLA,0,0
2013,21,059,21059,PUEBLA,CHINANTLA,2,0
2013,21,060,21060,PUEBLA,DOMINGO ARENAS,1,0
2013,21,061,21061,PUEBLA,ELOXOCHITLAN,2,0
2013,21,062,21062,PUEBLA,EPATLAN,2,0
2013,21,063,21063,PUEBLA,ESPERANZA,4,13
2013,21,064,21064,PUEBLA,FRANCISCO Z. MENA,3,0
2013,21,065,21065,PUEBLA,GENERAL FELIPE ANGELES,0,0
2013,21,066,21066,PUEBLA,GUADALUPE,0,0
2013,21,067,21067,PUEBLA,GUADALUPE VICTORIA,1,0
2013,21,068,21068,PUEBLA,HERMENEGILDO GALEANA,0,0
2013,21,069,21069,PUEBLA,HUAQUECHULA,4,0
2013,21,070,21070,PUEBLA,HUATLATLAUCA,0,0
2013,21,071,21071,PUEBLA,HUAUCHINANGO,9,1
2013,21,072,21072,PUEBLA,HUEHUETLA,0,0
2013,21,073,21073,PUEBLA,HUEHUETLAN EL CHICO,1,0
2013,21,074,21074,PUEBLA,HUEJOTZINGO,9,10
2013,21,075,21075,PUEBLA,HUEYAPAN,1,0
2013,21,076,21076,PUEBLA,HUEYTAMALCO,1,0
2013,21,077,21077,PUEBLA,HUEYTLALPAN,0,0
2013,21,078,21078,PUEBLA,HUITZILAN DE SERDAN,1,0
2013,21,079,21079,PUEBLA,HUITZILTEPEC,0,0
2013,21,080,21080,PUEBLA,ATLEQUIZAYAN,0,0
2013,21,081,21081,PUEBLA,IXCAMILPA DE GUERRERO,1,0
2013,21,082,21082,PUEBLA,IXCAQUIXTLA,0,0
2013,21,083,21083,PUEBLA,IXTACAMAXTITLAN,1,0
2013,21,084,21084,PUEBLA,IXTEPEC,0,0
2013,21,085,21085,PUEBLA,IZUCAR DE MATAMOROS,15,0
2013,21,086,21086,PUEBLA,JALPAN,2,0
2013,21,087,21087,PUEBLA,JOLALPAN,1,0
2013,21,088,21088,PUEBLA,JONOTLA,0,0
2013,21,089,21089,PUEBLA,JOPALA,1,0
2013,21,090,21090,PUEBLA,JUAN C. BONILLA,2,0
2013,21,091,21091,PUEBLA,JUAN GALINDO,0,0
2013,21,092,21092,PUEBLA,JUAN N. MENDEZ,0,0
2013,21,093,21093,PUEBLA,LAFRAGUA,0,0
2013,21,094,21094,PUEBLA,LIBRES,1,0
2013,21,095,21095,PUEBLA,LA MAGDALENA TLATLAUQUITEPEC,0,0
2013,21,096,21096,PUEBLA,MAZAPILTEPEC DE JUAREZ,0,0
2013,21,097,21097,PUEBLA,MIXTLA,0,0
2013,21,098,21098,PUEBLA,MOLCAXAC,0,0
2013,21,099,21099,PUEBLA,CA„ADA MORELOS,3,0
2013,21,100,21100,PUEBLA,NAUPAN,1,0
2013,21,101,21101,PUEBLA,NAUZONTLA,0,0
2013,21,102,21102,PUEBLA,NEALTICAN,0,0
2013,21,103,21103,PUEBLA,NICOLAS BRAVO,2,0
2013,21,104,21104,PUEBLA,NOPALUCAN,1,0
2013,21,105,21105,PUEBLA,OCOTEPEC,0,0
2013,21,106,21106,PUEBLA,OCOYUCAN,4,0
2013,21,107,21107,PUEBLA,OLINTLA,0,0
2013,21,108,21108,PUEBLA,ORIENTAL,0,0
2013,21,109,21109,PUEBLA,PAHUATLAN,3,0
2013,21,110,21110,PUEBLA,PALMAR DE BRAVO,2,23
2013,21,111,21111,PUEBLA,PANTEPEC,2,0
2013,21,112,21112,PUEBLA,PETLALCINGO,2,0
2013,21,113,21113,PUEBLA,PIAXTLA,0,0
2013,21,114,21114,PUEBLA,PUEBLA,67,12
2013,21,115,21115,PUEBLA,QUECHOLAC,4,28
2013,21,116,21116,PUEBLA,QUIMIXTLAN,0,1
2013,21,117,21117,PUEBLA,RAFAEL LARA GRAJALES,1,0
2013,21,118,21118,PUEBLA,LOS REYES DE JUAREZ,0,4
2013,21,119,21119,PUEBLA,SAN ANDRES CHOLULA,13,0
2013,21,120,21120,PUEBLA,SAN ANTONIO CA„ADA,0,0
2013,21,121,21121,PUEBLA,SAN DIEGO LA MESA TOCHIMILTZINGO,0,0
2013,21,122,21122,PUEBLA,SAN FELIPE TEOTLALCINGO,1,0
2013,21,123,21123,PUEBLA,SAN FELIPE TEPATLAN,1,0
2013,21,124,21124,PUEBLA,SAN GABRIEL CHILAC,1,0
2013,21,125,21125,PUEBLA,SAN GREGORIO ATZOMPA,1,0
2013,21,126,21126,PUEBLA,SAN JERONIMO TECUANIPAN,0,0
2013,21,127,21127,PUEBLA,SAN JERONIMO XAYACATLAN,1,0
2013,21,128,21128,PUEBLA,SAN JOSE CHIAPA,1,0
2013,21,129,21129,PUEBLA,SAN JOSE MIAHUATLAN,1,0
2013,21,130,21130,PUEBLA,SAN JUAN ATENCO,0,0
2013,21,131,21131,PUEBLA,SAN JUAN ATZOMPA,0,0
2013,21,132,21132,PUEBLA,SAN MARTIN TEXMELUCAN,10,8
2013,21,133,21133,PUEBLA,SAN MARTIN TOTOLTEPEC,0,0
2013,21,134,21134,PUEBLA,SAN MATIAS TLALANCALECA,1,4
2013,21,135,21135,PUEBLA,SAN MIGUEL IXITLAN,0,0
2013,21,136,21136,PUEBLA,SAN MIGUEL XOXTLA,0,1
2013,21,137,21137,PUEBLA,SAN NICOLAS BUENOS AIRES,0,0
2013,21,138,21138,PUEBLA,SAN NICOLAS DE LOS RANCHOS,1,0
2013,21,139,21139,PUEBLA,SAN PABLO ANICANO,1,0
2013,21,140,21140,PUEBLA,SAN PEDRO CHOLULA,5,0
2013,21,141,21141,PUEBLA,SAN PEDRO YELOIXTLAHUACA,0,0
2013,21,142,21142,PUEBLA,SAN SALVADOR EL SECO,2,0
2013,21,143,21143,PUEBLA,SAN SALVADOR EL VERDE,2,6
2013,21,144,21144,PUEBLA,SAN SALVADOR HUIXCOLOTLA,0,0
2013,21,145,21145,PUEBLA,SAN SEBASTIAN TLACOTEPEC,1,0
2013,21,146,21146,PUEBLA,SANTA CATARINA TLALTEMPAN,0,0
2013,21,147,21147,PUEBLA,SANTA INES AHUATEMPAN,0,0
2013,21,148,21148,PUEBLA,SANTA ISABEL CHOLULA,1,0
2013,21,149,21149,PUEBLA,SANTIAGO MIAHUATLAN,3,0
2013,21,150,21150,PUEBLA,HUEHUETLAN EL GRANDE,0,0
2013,21,151,21151,PUEBLA,SANTO TOMAS HUEYOTLIPAN,1,0
2013,21,152,21152,PUEBLA,SOLTEPEC,1,0
2013,21,153,21153,PUEBLA,TECALI DE HERRERA,5,0
2013,21,154,21154,PUEBLA,TECAMACHALCO,10,1
2013,21,155,21155,PUEBLA,TECOMATLAN,0,0
2013,21,156,21156,PUEBLA,TEHUACAN,23,0
2013,21,157,21157,PUEBLA,TEHUITZINGO,0,0
2013,21,158,21158,PUEBLA,TENAMPULCO,1,0
2013,21,159,21159,PUEBLA,TEOPANTLAN,0,0
2013,21,160,21160,PUEBLA,TEOTLALCO,0,0
2013,21,161,21161,PUEBLA,TEPANCO DE LOPEZ,0,0
2013,21,162,21162,PUEBLA,TEPANGO DE RODRIGUEZ,0,0
2013,21,163,21163,PUEBLA,TEPATLAXCO DE HIDALGO,0,0
2013,21,164,21164,PUEBLA,TEPEACA,9,24
2013,21,165,21165,PUEBLA,TEPEMAXALCO,1,0
2013,21,166,21166,PUEBLA,TEPEOJUMA,0,0
2013,21,167,21167,PUEBLA,TEPETZINTLA,2,0
2013,21,168,21168,PUEBLA,TEPEXCO,2,0
2013,21,169,21169,PUEBLA,TEPEXI DE RODRIGUEZ,2,0
2013,21,170,21170,PUEBLA,TEPEYAHUALCO,0,0
2013,21,171,21171,PUEBLA,TEPEYAHUALCO DE CUAUHTEMOC,1,0
2013,21,172,21172,PUEBLA,TETELA DE OCAMPO,0,0
2013,21,173,21173,PUEBLA,TETELES DE AVILA CASTILLO,0,0
2013,21,174,21174,PUEBLA,TEZIUTLAN,7,0
2013,21,175,21175,PUEBLA,TIANGUISMANALCO,4,0
2013,21,176,21176,PUEBLA,TILAPA,3,0
2013,21,177,21177,PUEBLA,TLACOTEPEC DE BENITO JUAREZ,3,0
2013,21,178,21178,PUEBLA,TLACUILOTEPEC,1,0
2013,21,179,21179,PUEBLA,TLACHICHUCA,1,0
2013,21,180,21180,PUEBLA,TLAHUAPAN,1,4
2013,21,181,21181,PUEBLA,TLALTENANGO,1,4
2013,21,182,21182,PUEBLA,TLANEPANTLA,0,0
2013,21,183,21183,PUEBLA,TLAOLA,2,0
2013,21,184,21184,PUEBLA,TLAPACOYA,0,0
2013,21,185,21185,PUEBLA,TLAPANALA,0,0
2013,21,186,21186,PUEBLA,TLATLAUQUITEPEC,2,0
2013,21,187,21187,PUEBLA,TLAXCO,0,0
2013,21,188,21188,PUEBLA,TOCHIMILCO,0,0
2013,21,189,21189,PUEBLA,TOCHTEPEC,1,0
2013,21,190,21190,PUEBLA,TOTOLTEPEC DE GUERRERO,0,0
2013,21,191,21191,PUEBLA,TULCINGO,2,0
2013,21,192,21192,PUEBLA,TUZAMAPAN DE GALEANA,0,0
2013,21,193,21193,PUEBLA,TZICATLACOYAN,0,0
2013,21,194,21194,PUEBLA,VENUSTIANO CARRANZA,6,0
2013,21,195,21195,PUEBLA,VICENTE GUERRERO,2,0
2013,21,196,21196,PUEBLA,XAYACATLAN DE BRAVO,0,0
2013,21,197,21197,PUEBLA,XICOTEPEC,9,0
2013,21,198,21198,PUEBLA,XICOTLAN,0,0
2013,21,199,21199,PUEBLA,XIUTETELCO,1,0
2013,21,200,21200,PUEBLA,XOCHIAPULCO,0,0
2013,21,201,21201,PUEBLA,XOCHILTEPEC,1,0
2013,21,202,21202,PUEBLA,XOCHITLAN DE VICENTE SUAREZ,2,0
2013,21,203,21203,PUEBLA,XOCHITLAN TODOS SANTOS,0,0
2013,21,204,21204,PUEBLA,YAONAHUAC,0,0
2013,21,205,21205,PUEBLA,YEHUALTEPEC,1,0
2013,21,206,21206,PUEBLA,ZACAPALA,0,0
2013,21,207,21207,PUEBLA,ZACAPOAXTLA,3,0
2013,21,208,21208,PUEBLA,ZACATLAN,8,0
2013,21,209,21209,PUEBLA,ZAPOTITLAN,1,0
2013,21,210,21210,PUEBLA,ZAPOTITLAN DE MENDEZ,0,0
2013,21,211,21211,PUEBLA,ZARAGOZA,2,0
2013,21,212,21212,PUEBLA,ZAUTLA,0,0
2013,21,213,21213,PUEBLA,ZIHUATEUTLA,3,0
2013,21,214,21214,PUEBLA,ZINACATEPEC,1,0
2013,21,215,21215,PUEBLA,ZONGOZOTLA,0,0
2013,21,216,21216,PUEBLA,ZOQUIAPAN,0,0
2013,21,217,21217,PUEBLA,ZOQUITLAN,1,0
2014,21,001,21001,PUEBLA,ACAJETE,2,43
2014,21,002,21002,PUEBLA,ACATENO,2,0
2014,21,003,21003,PUEBLA,ACATLAN,6,0
2014,21,004,21004,PUEBLA,ACATZINGO,0,29
2014,21,005,21005,PUEBLA,ACTEOPAN,0,0
2014,21,006,21006,PUEBLA,AHUACATLAN,1,0
2014,21,007,21007,PUEBLA,AHUATLAN,0,0
2014,21,008,21008,PUEBLA,AHUAZOTEPEC,1,1
2014,21,009,21009,PUEBLA,AHUEHUETITLA,0,0
2014,21,010,21010,PUEBLA,AJALPAN,2,0
2014,21,011,21011,PUEBLA,ALBINO ZERTUCHE,0,0
2014,21,012,21012,PUEBLA,ALJOJUCA,0,0
2014,21,013,21013,PUEBLA,ALTEPEXI,0,0
2014,21,014,21014,PUEBLA,AMIXTLAN,0,0
2014,21,015,21015,PUEBLA,AMOZOC,3,28
2014,21,016,21016,PUEBLA,AQUIXTLA,1,0
2014,21,017,21017,PUEBLA,ATEMPAN,1,0
2014,21,018,21018,PUEBLA,ATEXCAL,0,0
2014,21,019,21019,PUEBLA,ATLIXCO,12,0
2014,21,020,21020,PUEBLA,ATOYATEMPAN,1,0
2014,21,021,21021,PUEBLA,ATZALA,1,0
2014,21,022,21022,PUEBLA,ATZITZIHUACAN,2,0
2014,21,023,21023,PUEBLA,ATZITZINTLA,0,0
2014,21,024,21024,PUEBLA,AXUTLA,0,0
2014,21,025,21025,PUEBLA,AYOTOXCO DE GUERRERO,1,0
2014,21,026,21026,PUEBLA,CALPAN,1,0
2014,21,027,21027,PUEBLA,CALTEPEC,0,0
2014,21,028,21028,PUEBLA,CAMOCUAUTLA,0,0
2014,21,029,21029,PUEBLA,CAXHUACAN,0,0
2014,21,030,21030,PUEBLA,COATEPEC,0,0
2014,21,031,21031,PUEBLA,COATZINGO,0,0
2014,21,032,21032,PUEBLA,COHETZALA,0,0
2014,21,033,21033,PUEBLA,COHUECAN,1,0
2014,21,034,21034,PUEBLA,CORONANGO,6,17
2014,21,035,21035,PUEBLA,COXCATLAN,5,0
2014,21,036,21036,PUEBLA,COYOMEAPAN,1,0
2014,21,037,21037,PUEBLA,COYOTEPEC,0,0
2014,21,038,21038,PUEBLA,CUAPIAXTLA DE MADERO,0,0
2014,21,039,21039,PUEBLA,CUAUTEMPAN,0,0
2014,21,040,21040,PUEBLA,CUAUTINCHAN,0,0
2014,21,041,21041,PUEBLA,CUAUTLANCINGO,5,7
2014,21,042,21042,PUEBLA,CUAYUCA DE ANDRADE,0,0
2014,21,043,21043,PUEBLA,CUETZALAN DEL PROGRESO,4,0
2014,21,044,21044,PUEBLA,CUYOACO,0,0
2014,21,045,21045,PUEBLA,CHALCHICOMULA DE SESMA,4,0
2014,21,046,21046,PUEBLA,CHAPULCO,1,0
2014,21,047,21047,PUEBLA,CHIAUTLA,2,0
2014,21,048,21048,PUEBLA,CHIAUTZINGO,0,0
2014,21,049,21049,PUEBLA,CHICONCUAUTLA,0,0
2014,21,050,21050,PUEBLA,CHICHIQUILA,1,0
2014,21,051,21051,PUEBLA,CHIETLA,4,0
2014,21,052,21052,PUEBLA,CHIGMECATITLAN,0,0
2014,21,053,21053,PUEBLA,CHIGNAHUAPAN,3,0
2014,21,054,21054,PUEBLA,CHIGNAUTLA,1,0
2014,21,055,21055,PUEBLA,CHILA,1,0
2014,21,056,21056,PUEBLA,CHILA DE LA SAL,1,0
2014,21,057,21057,PUEBLA,HONEY,2,0
2014,21,058,21058,PUEBLA,CHILCHOTLA,1,0
2014,21,059,21059,PUEBLA,CHINANTLA,0,0
2014,21,060,21060,PUEBLA,DOMINGO ARENAS,0,0
2014,21,061,21061,PUEBLA,ELOXOCHITLAN,1,0
2014,21,062,21062,PUEBLA,EPATLAN,0,0
2014,21,063,21063,PUEBLA,ESPERANZA,4,10
2014,21,064,21064,PUEBLA,FRANCISCO Z. MENA,5,0
2014,21,065,21065,PUEBLA,GENERAL FELIPE ANGELES,2,0
2014,21,066,21066,PUEBLA,GUADALUPE,0,0
2014,21,067,21067,PUEBLA,GUADALUPE VICTORIA,0,0
2014,21,068,21068,PUEBLA,HERMENEGILDO GALEANA,0,0
2014,21,069,21069,PUEBLA,HUAQUECHULA,4,0
2014,21,070,21070,PUEBLA,HUATLATLAUCA,0,0
2014,21,071,21071,PUEBLA,HUAUCHINANGO,6,2
2014,21,072,21072,PUEBLA,HUEHUETLA,0,0
2014,21,073,21073,PUEBLA,HUEHUETLAN EL CHICO,0,0
2014,21,074,21074,PUEBLA,HUEJOTZINGO,7,14
2014,21,075,21075,PUEBLA,HUEYAPAN,0,0
2014,21,076,21076,PUEBLA,HUEYTAMALCO,3,0
2014,21,077,21077,PUEBLA,HUEYTLALPAN,0,0
2014,21,078,21078,PUEBLA,HUITZILAN DE SERDAN,2,0
2014,21,079,21079,PUEBLA,HUITZILTEPEC,1,0
2014,21,080,21080,PUEBLA,ATLEQUIZAYAN,0,0
2014,21,081,21081,PUEBLA,IXCAMILPA DE GUERRERO,0,0
2014,21,082,21082,PUEBLA,IXCAQUIXTLA,0,0
2014,21,083,21083,PUEBLA,IXTACAMAXTITLAN,0,0
2014,21,084,21084,PUEBLA,IXTEPEC,0,0
2014,21,085,21085,PUEBLA,IZUCAR DE MATAMOROS,10,0
2014,21,086,21086,PUEBLA,JALPAN,5,0
2014,21,087,21087,PUEBLA,JOLALPAN,2,0
2014,21,088,21088,PUEBLA,JONOTLA,0,0
2014,21,089,21089,PUEBLA,JOPALA,1,0
2014,21,090,21090,PUEBLA,JUAN C. BONILLA,1,0
2014,21,091,21091,PUEBLA,JUAN GALINDO,1,0
2014,21,092,21092,PUEBLA,JUAN N. MENDEZ,0,0
2014,21,093,21093,PUEBLA,LAFRAGUA,0,0
2014,21,094,21094,PUEBLA,LIBRES,1,0
2014,21,095,21095,PUEBLA,LA MAGDALENA TLATLAUQUITEPEC,0,0
2014,21,096,21096,PUEBLA,MAZAPILTEPEC DE JUAREZ,0,0
2014,21,097,21097,PUEBLA,MIXTLA,0,0
2014,21,098,21098,PUEBLA,MOLCAXAC,1,0
2014,21,099,21099,PUEBLA,CA„ADA MORELOS,4,0
2014,21,100,21100,PUEBLA,NAUPAN,2,0
2014,21,101,21101,PUEBLA,NAUZONTLA,1,0
2014,21,102,21102,PUEBLA,NEALTICAN,0,0
2014,21,103,21103,PUEBLA,NICOLAS BRAVO,0,0
2014,21,104,21104,PUEBLA,NOPALUCAN,0,0
2014,21,105,21105,PUEBLA,OCOTEPEC,0,0
2014,21,106,21106,PUEBLA,OCOYUCAN,1,0
2014,21,107,21107,PUEBLA,OLINTLA,0,0
2014,21,108,21108,PUEBLA,ORIENTAL,2,0
2014,21,109,21109,PUEBLA,PAHUATLAN,1,0
2014,21,110,21110,PUEBLA,PALMAR DE BRAVO,4,19
2014,21,111,21111,PUEBLA,PANTEPEC,3,0
2014,21,112,21112,PUEBLA,PETLALCINGO,5,0
2014,21,113,21113,PUEBLA,PIAXTLA,2,0
2014,21,114,21114,PUEBLA,PUEBLA,50,7
2014,21,115,21115,PUEBLA,QUECHOLAC,3,32
2014,21,116,21116,PUEBLA,QUIMIXTLAN,1,0
2014,21,117,21117,PUEBLA,RAFAEL LARA GRAJALES,0,0
2014,21,118,21118,PUEBLA,LOS REYES DE JUAREZ,1,0
2014,21,119,21119,PUEBLA,SAN ANDRES CHOLULA,9,0
2014,21,120,21120,PUEBLA,SAN ANTONIO CA„ADA,0,0
2014,21,121,21121,PUEBLA,SAN DIEGO LA MESA TOCHIMILTZINGO,0,0
2014,21,122,21122,PUEBLA,SAN FELIPE TEOTLALCINGO,1,0
2014,21,123,21123,PUEBLA,SAN FELIPE TEPATLAN,0,0
2014,21,124,21124,PUEBLA,SAN GABRIEL CHILAC,2,0
2014,21,125,21125,PUEBLA,SAN GREGORIO ATZOMPA,0,0
2014,21,126,21126,PUEBLA,SAN JERONIMO TECUANIPAN,0,0
2014,21,127,21127,PUEBLA,SAN JERONIMO XAYACATLAN,0,0
2014,21,128,21128,PUEBLA,SAN JOSE CHIAPA,1,0
2014,21,129,21129,PUEBLA,SAN JOSE MIAHUATLAN,0,0
2014,21,130,21130,PUEBLA,SAN JUAN ATENCO,0,0
2014,21,131,21131,PUEBLA,SAN JUAN ATZOMPA,0,0
2014,21,132,21132,PUEBLA,SAN MARTIN TEXMELUCAN,4,10
2014,21,133,21133,PUEBLA,SAN MARTIN TOTOLTEPEC,0,0
2014,21,134,21134,PUEBLA,SAN MATIAS TLALANCALECA,1,6
2014,21,135,21135,PUEBLA,SAN MIGUEL IXITLAN,0,0
2014,21,136,21136,PUEBLA,SAN MIGUEL XOXTLA,2,3
2014,21,137,21137,PUEBLA,SAN NICOLAS BUENOS AIRES,0,0
2014,21,138,21138,PUEBLA,SAN NICOLAS DE LOS RANCHOS,1,0
2014,21,139,21139,PUEBLA,SAN PABLO ANICANO,0,0
2014,21,140,21140,PUEBLA,SAN PEDRO CHOLULA,6,0
2014,21,141,21141,PUEBLA,SAN PEDRO YELOIXTLAHUACA,1,0
2014,21,142,21142,PUEBLA,SAN SALVADOR EL SECO,2,0
2014,21,143,21143,PUEBLA,SAN SALVADOR EL VERDE,1,14
2014,21,144,21144,PUEBLA,SAN SALVADOR HUIXCOLOTLA,1,0
2014,21,145,21145,PUEBLA,SAN SEBASTIAN TLACOTEPEC,1,0
2014,21,146,21146,PUEBLA,SANTA CATARINA TLALTEMPAN,0,0
2014,21,147,21147,PUEBLA,SANTA INES AHUATEMPAN,1,0
2014,21,148,21148,PUEBLA,SANTA ISABEL CHOLULA,0,0
2014,21,149,21149,PUEBLA,SANTIAGO MIAHUATLAN,1,0
2014,21,150,21150,PUEBLA,HUEHUETLAN EL GRANDE,1,0
2014,21,151,21151,PUEBLA,SANTO TOMAS HUEYOTLIPAN,1,0
2014,21,152,21152,PUEBLA,SOLTEPEC,0,0
2014,21,153,21153,PUEBLA,TECALI DE HERRERA,2,0
2014,21,154,21154,PUEBLA,TECAMACHALCO,7,2
2014,21,155,21155,PUEBLA,TECOMATLAN,2,0
2014,21,156,21156,PUEBLA,TEHUACAN,10,0
2014,21,157,21157,PUEBLA,TEHUITZINGO,1,0
2014,21,158,21158,PUEBLA,TENAMPULCO,1,0
2014,21,159,21159,PUEBLA,TEOPANTLAN,1,0
2014,21,160,21160,PUEBLA,TEOTLALCO,1,0
2014,21,161,21161,PUEBLA,TEPANCO DE LOPEZ,1,0
2014,21,162,21162,PUEBLA,TEPANGO DE RODRIGUEZ,0,0
2014,21,163,21163,PUEBLA,TEPATLAXCO DE HIDALGO,1,0
2014,21,164,21164,PUEBLA,TEPEACA,4,46
2014,21,165,21165,PUEBLA,TEPEMAXALCO,0,0
2014,21,166,21166,PUEBLA,TEPEOJUMA,2,0
2014,21,167,21167,PUEBLA,TEPETZINTLA,0,0
2014,21,168,21168,PUEBLA,TEPEXCO,0,0
2014,21,169,21169,PUEBLA,TEPEXI DE RODRIGUEZ,1,0
2014,21,170,21170,PUEBLA,TEPEYAHUALCO,0,0
2014,21,171,21171,PUEBLA,TEPEYAHUALCO DE CUAUHTEMOC,0,0
2014,21,172,21172,PUEBLA,TETELA DE OCAMPO,1,0
2014,21,173,21173,PUEBLA,TETELES DE AVILA CASTILLO,1,0
2014,21,174,21174,PUEBLA,TEZIUTLAN,1,0
2014,21,175,21175,PUEBLA,TIANGUISMANALCO,2,0
2014,21,176,21176,PUEBLA,TILAPA,0,0
2014,21,177,21177,PUEBLA,TLACOTEPEC DE BENITO JUAREZ,1,0
2014,21,178,21178,PUEBLA,TLACUILOTEPEC,1,0
2014,21,179,21179,PUEBLA,TLACHICHUCA,2,0
2014,21,180,21180,PUEBLA,TLAHUAPAN,0,5
2014,21,181,21181,PUEBLA,TLALTENANGO,1,5
2014,21,182,21182,PUEBLA,TLANEPANTLA,0,0
2014,21,183,21183,PUEBLA,TLAOLA,0,0
2014,21,184,21184,PUEBLA,TLAPACOYA,2,0
2014,21,185,21185,PUEBLA,TLAPANALA,0,0
2014,21,186,21186,PUEBLA,TLATLAUQUITEPEC,2,0
2014,21,187,21187,PUEBLA,TLAXCO,0,0
2014,21,188,21188,PUEBLA,TOCHIMILCO,2,0
2014,21,189,21189,PUEBLA,TOCHTEPEC,2,0
2014,21,190,21190,PUEBLA,TOTOLTEPEC DE GUERRERO,0,0
2014,21,191,21191,PUEBLA,TULCINGO,2,0
2014,21,192,21192,PUEBLA,TUZAMAPAN DE GALEANA,0,0
2014,21,193,21193,PUEBLA,TZICATLACOYAN,1,0
2014,21,194,21194,PUEBLA,VENUSTIANO CARRANZA,5,9
2014,21,195,21195,PUEBLA,VICENTE GUERRERO,0,0
2014,21,196,21196,PUEBLA,XAYACATLAN DE BRAVO,0,0
2014,21,197,21197,PUEBLA,XICOTEPEC,4,0
2014,21,198,21198,PUEBLA,XICOTLAN,0,0
2014,21,199,21199,PUEBLA,XIUTETELCO,3,0
2014,21,200,21200,PUEBLA,XOCHIAPULCO,0,0
2014,21,201,21201,PUEBLA,XOCHILTEPEC,0,0
2014,21,202,21202,PUEBLA,XOCHITLAN DE VICENTE SUAREZ,0,0
2014,21,203,21203,PUEBLA,XOCHITLAN TODOS SANTOS,1,0
2014,21,204,21204,PUEBLA,YAONAHUAC,0,0
2014,21,205,21205,PUEBLA,YEHUALTEPEC,3,0
2014,21,206,21206,PUEBLA,ZACAPALA,0,0
2014,21,207,21207,PUEBLA,ZACAPOAXTLA,1,0
2014,21,208,21208,PUEBLA,ZACATLAN,4,0
2014,21,209,21209,PUEBLA,ZAPOTITLAN,0,0
2014,21,210,21210,PUEBLA,ZAPOTITLAN DE MENDEZ,1,0
2014,21,211,21211,PUEBLA,ZARAGOZA,0,0
2014,21,212,21212,PUEBLA,ZAUTLA,1,0
2014,21,213,21213,PUEBLA,ZIHUATEUTLA,3,0
2014,21,214,21214,PUEBLA,ZINACATEPEC,0,0
2014,21,215,21215,PUEBLA,ZONGOZOTLA,0,0
2014,21,216,21216,PUEBLA,ZOQUIAPAN,0,0
2014,21,217,21217,PUEBLA,ZOQUITLAN,3,0
2015,21,001,21001,PUEBLA,ACAJETE,2,70
2015,21,002,21002,PUEBLA,ACATENO,4,0
2015,21,003,21003,PUEBLA,ACATLAN,5,0
2015,21,004,21004,PUEBLA,ACATZINGO,6,107
2015,21,005,21005,PUEBLA,ACTEOPAN,0,0
2015,21,006,21006,PUEBLA,AHUACATLAN,2,0
2015,21,007,21007,PUEBLA,AHUATLAN,0,0
2015,21,008,21008,PUEBLA,AHUAZOTEPEC,1,10
2015,21,009,21009,PUEBLA,AHUEHUETITLA,0,0
2015,21,010,21010,PUEBLA,AJALPAN,5,0
2015,21,011,21011,PUEBLA,ALBINO ZERTUCHE,1,0
2015,21,012,21012,PUEBLA,ALJOJUCA,1,0
2015,21,013,21013,PUEBLA,ALTEPEXI,2,0
2015,21,014,21014,PUEBLA,AMIXTLAN,0,0
2015,21,015,21015,PUEBLA,AMOZOC,5,46
2015,21,016,21016,PUEBLA,AQUIXTLA,0,0
2015,21,017,21017,PUEBLA,ATEMPAN,2,0
2015,21,018,21018,PUEBLA,ATEXCAL,0,0
2015,21,019,21019,PUEBLA,ATLIXCO,18,0
2015,21,020,21020,PUEBLA,ATOYATEMPAN,0,0
2015,21,021,21021,PUEBLA,ATZALA,0,0
2015,21,022,21022,PUEBLA,ATZITZIHUACAN,5,0
2015,21,023,21023,PUEBLA,ATZITZINTLA,1,0
2015,21,024,21024,PUEBLA,AXUTLA,0,0
2015,21,025,21025,PUEBLA,AYOTOXCO DE GUERRERO,3,0
2015,21,026,21026,PUEBLA,CALPAN,0,0
2015,21,027,21027,PUEBLA,CALTEPEC,0,0
2015,21,028,21028,PUEBLA,CAMOCUAUTLA,0,0
2015,21,029,21029,PUEBLA,CAXHUACAN,0,0
2015,21,030,21030,PUEBLA,COATEPEC,0,0
2015,21,031,21031,PUEBLA,COATZINGO,0,0
2015,21,032,21032,PUEBLA,COHETZALA,1,0
2015,21,033,21033,PUEBLA,COHUECAN,2,0
2015,21,034,21034,PUEBLA,CORONANGO,3,35
2015,21,035,21035,PUEBLA,COXCATLAN,2,0
2015,21,036,21036,PUEBLA,COYOMEAPAN,4,0
2015,21,037,21037,PUEBLA,COYOTEPEC,0,0
2015,21,038,21038,PUEBLA,CUAPIAXTLA DE MADERO,2,0
2015,21,039,21039,PUEBLA,CUAUTEMPAN,1,0
2015,21,040,21040,PUEBLA,CUAUTINCHAN,1,0
2015,21,041,21041,PUEBLA,CUAUTLANCINGO,4,6
2015,21,042,21042,PUEBLA,CUAYUCA DE ANDRADE,1,0
2015,21,043,21043,PUEBLA,CUETZALAN DEL PROGRESO,4,0
2015,21,044,21044,PUEBLA,CUYOACO,0,0
2015,21,045,21045,PUEBLA,CHALCHICOMULA DE SESMA,4,0
2015,21,046,21046,PUEBLA,CHAPULCO,0,0
2015,21,047,21047,PUEBLA,CHIAUTLA,3,0
2015,21,048,21048,PUEBLA,CHIAUTZINGO,1,0
2015,21,049,21049,PUEBLA,CHICONCUAUTLA,3,0
2015,21,050,21050,PUEBLA,CHICHIQUILA,1,0
2015,21,051,21051,PUEBLA,CHIETLA,6,0
2015,21,052,21052,PUEBLA,CHIGMECATITLAN,0,0
2015,21,053,21053,PUEBLA,CHIGNAHUAPAN,5,0
2015,21,054,21054,PUEBLA,CHIGNAUTLA,2,0
2015,21,055,21055,PUEBLA,CHILA,0,0
2015,21,056,21056,PUEBLA,CHILA DE LA SAL,0,0
2015,21,057,21057,PUEBLA,HONEY,1,0
2015,21,058,21058,PUEBLA,CHILCHOTLA,1,0
2015,21,059,21059,PUEBLA,CHINANTLA,0,0
2015,21,060,21060,PUEBLA,DOMINGO ARENAS,0,0
2015,21,061,21061,PUEBLA,ELOXOCHITLAN,1,0
2015,21,062,21062,PUEBLA,EPATLAN,1,0
2015,21,063,21063,PUEBLA,ESPERANZA,5,17
2015,21,064,21064,PUEBLA,FRANCISCO Z. MENA,6,0
2015,21,065,21065,PUEBLA,GENERAL FELIPE ANGELES,5,0
2015,21,066,21066,PUEBLA,GUADALUPE,2,0
2015,21,067,21067,PUEBLA,GUADALUPE VICTORIA,0,0
2015,21,068,21068,PUEBLA,HERMENEGILDO GALEANA,0,0
2015,21,069,21069,PUEBLA,HUAQUECHULA,5,0
2015,21,070,21070,PUEBLA,HUATLATLAUCA,0,0
2015,21,071,21071,PUEBLA,HUAUCHINANGO,10,10
2015,21,072,21072,PUEBLA,HUEHUETLA,0,0
2015,21,073,21073,PUEBLA,HUEHUETLAN EL CHICO,0,0
2015,21,074,21074,PUEBLA,HUEJOTZINGO,10,9
2015,21,075,21075,PUEBLA,HUEYAPAN,1,0
2015,21,076,21076,PUEBLA,HUEYTAMALCO,3,0
2015,21,077,21077,PUEBLA,HUEYTLALPAN,0,0
2015,21,078,21078,PUEBLA,HUITZILAN DE SERDAN,0,0
2015,21,079,21079,PUEBLA,HUITZILTEPEC,0,0
2015,21,080,21080,PUEBLA,ATLEQUIZAYAN,0,0
2015,21,081,21081,PUEBLA,IXCAMILPA DE GUERRERO,0,0
2015,21,082,21082,PUEBLA,IXCAQUIXTLA,1,0
2015,21,083,21083,PUEBLA,IXTACAMAXTITLAN,2,0
2015,21,084,21084,PUEBLA,IXTEPEC,0,0
2015,21,085,21085,PUEBLA,IZUCAR DE MATAMOROS,17,0
2015,21,086,21086,PUEBLA,JALPAN,3,0
2015,21,087,21087,PUEBLA,JOLALPAN,2,0
2015,21,088,21088,PUEBLA,JONOTLA,1,0
2015,21,089,21089,PUEBLA,JOPALA,1,0
2015,21,090,21090,PUEBLA,JUAN C. BONILLA,0,0
2015,21,091,21091,PUEBLA,JUAN GALINDO,0,0
2015,21,092,21092,PUEBLA,JUAN N. MENDEZ,0,0
2015,21,093,21093,PUEBLA,LAFRAGUA,0,0
2015,21,094,21094,PUEBLA,LIBRES,3,0
2015,21,095,21095,PUEBLA,LA MAGDALENA TLATLAUQUITEPEC,0,0
2015,21,096,21096,PUEBLA,MAZAPILTEPEC DE JUAREZ,1,0
2015,21,097,21097,PUEBLA,MIXTLA,0,0
2015,21,098,21098,PUEBLA,MOLCAXAC,1,0
2015,21,099,21099,PUEBLA,CA„ADA MORELOS,2,0
2015,21,100,21100,PUEBLA,NAUPAN,2,0
2015,21,101,21101,PUEBLA,NAUZONTLA,0,0
2015,21,102,21102,PUEBLA,NEALTICAN,0,0
2015,21,103,21103,PUEBLA,NICOLAS BRAVO,1,0
2015,21,104,21104,PUEBLA,NOPALUCAN,0,0
2015,21,105,21105,PUEBLA,OCOTEPEC,1,0
2015,21,106,21106,PUEBLA,OCOYUCAN,4,0
2015,21,107,21107,PUEBLA,OLINTLA,0,0
2015,21,108,21108,PUEBLA,ORIENTAL,1,0
2015,21,109,21109,PUEBLA,PAHUATLAN,0,0
2015,21,110,21110,PUEBLA,PALMAR DE BRAVO,9,95
2015,21,111,21111,PUEBLA,PANTEPEC,2,0
2015,21,112,21112,PUEBLA,PETLALCINGO,0,0
2015,21,113,21113,PUEBLA,PIAXTLA,0,0
2015,21,114,21114,PUEBLA,PUEBLA,72,9
2015,21,115,21115,PUEBLA,QUECHOLAC,7,131
2015,21,116,21116,PUEBLA,QUIMIXTLAN,0,0
2015,21,117,21117,PUEBLA,RAFAEL LARA GRAJALES,1,0
2015,21,118,21118,PUEBLA,LOS REYES DE JUAREZ,0,3
2015,21,119,21119,PUEBLA,SAN ANDRES CHOLULA,8,0
2015,21,120,21120,PUEBLA,SAN ANTONIO CA„ADA,0,0
2015,21,121,21121,PUEBLA,SAN DIEGO LA MESA TOCHIMILTZINGO,1,0
2015,21,122,21122,PUEBLA,SAN FELIPE TEOTLALCINGO,0,0
2015,21,123,21123,PUEBLA,SAN FELIPE TEPATLAN,1,0
2015,21,124,21124,PUEBLA,SAN GABRIEL CHILAC,1,0
2015,21,125,21125,PUEBLA,SAN GREGORIO ATZOMPA,0,0
2015,21,126,21126,PUEBLA,SAN JERONIMO TECUANIPAN,1,0
2015,21,127,21127,PUEBLA,SAN JERONIMO XAYACATLAN,1,0
2015,21,128,21128,PUEBLA,SAN JOSE CHIAPA,0,0
2015,21,129,21129,PUEBLA,SAN JOSE MIAHUATLAN,0,0
2015,21,130,21130,PUEBLA,SAN JUAN ATENCO,0,0
2015,21,131,21131,PUEBLA,SAN JUAN ATZOMPA,0,0
2015,21,132,21132,PUEBLA,SAN MARTIN TEXMELUCAN,7,22
2015,21,133,21133,PUEBLA,SAN MARTIN TOTOLTEPEC,0,0
2015,21,134,21134,PUEBLA,SAN MATIAS TLALANCALECA,2,22
2015,21,135,21135,PUEBLA,SAN MIGUEL IXITLAN,1,0
2015,21,136,21136,PUEBLA,SAN MIGUEL XOXTLA,1,4
2015,21,137,21137,PUEBLA,SAN NICOLAS BUENOS AIRES,1,0
2015,21,138,21138,PUEBLA,SAN NICOLAS DE LOS RANCHOS,0,0
2015,21,139,21139,PUEBLA,SAN PABLO ANICANO,0,0
2015,21,140,21140,PUEBLA,SAN PEDRO CHOLULA,4,0
2015,21,141,21141,PUEBLA,SAN PEDRO YELOIXTLAHUACA,0,0
2015,21,142,21142,PUEBLA,SAN SALVADOR EL SECO,0,0
2015,21,143,21143,PUEBLA,SAN SALVADOR EL VERDE,0,14
2015,21,144,21144,PUEBLA,SAN SALVADOR HUIXCOLOTLA,0,0
2015,21,145,21145,PUEBLA,SAN SEBASTIAN TLACOTEPEC,0,0
2015,21,146,21146,PUEBLA,SANTA CATARINA TLALTEMPAN,0,0
2015,21,147,21147,PUEBLA,SANTA INES AHUATEMPAN,0,0
2015,21,148,21148,PUEBLA,SANTA ISABEL CHOLULA,0,0
2015,21,149,21149,PUEBLA,SANTIAGO MIAHUATLAN,1,0
2015,21,150,21150,PUEBLA,HUEHUETLAN EL GRANDE,1,0
2015,21,151,21151,PUEBLA,SANTO TOMAS HUEYOTLIPAN,0,0
2015,21,152,21152,PUEBLA,SOLTEPEC,1,0
2015,21,153,21153,PUEBLA,TECALI DE HERRERA,1,0
2015,21,154,21154,PUEBLA,TECAMACHALCO,8,8
2015,21,155,21155,PUEBLA,TECOMATLAN,1,0
2015,21,156,21156,PUEBLA,TEHUACAN,24,0
2015,21,157,21157,PUEBLA,TEHUITZINGO,0,0
2015,21,158,21158,PUEBLA,TENAMPULCO,0,0
2015,21,159,21159,PUEBLA,TEOPANTLAN,0,0
2015,21,160,21160,PUEBLA,TEOTLALCO,1,0
2015,21,161,21161,PUEBLA,TEPANCO DE LOPEZ,1,0
2015,21,162,21162,PUEBLA,TEPANGO DE RODRIGUEZ,1,0
2015,21,163,21163,PUEBLA,TEPATLAXCO DE HIDALGO,0,0
2015,21,164,21164,PUEBLA,TEPEACA,4,159
2015,21,165,21165,PUEBLA,TEPEMAXALCO,0,0
2015,21,166,21166,PUEBLA,TEPEOJUMA,3,0
2015,21,167,21167,PUEBLA,TEPETZINTLA,0,0
2015,21,168,21168,PUEBLA,TEPEXCO,1,0
2015,21,169,21169,PUEBLA,TEPEXI DE RODRIGUEZ,4,0
2015,21,170,21170,PUEBLA,TEPEYAHUALCO,1,0
2015,21,171,21171,PUEBLA,TEPEYAHUALCO DE CUAUHTEMOC,0,0
2015,21,172,21172,PUEBLA,TETELA DE OCAMPO,1,0
2015,21,173,21173,PUEBLA,TETELES DE AVILA CASTILLO,0,0
2015,21,174,21174,PUEBLA,TEZIUTLAN,3,0
2015,21,175,21175,PUEBLA,TIANGUISMANALCO,3,0
2015,21,176,21176,PUEBLA,TILAPA,2,0
2015,21,177,21177,PUEBLA,TLACOTEPEC DE BENITO JUAREZ,4,0
2015,21,178,21178,PUEBLA,TLACUILOTEPEC,1,0
2015,21,179,21179,PUEBLA,TLACHICHUCA,1,0
2015,21,180,21180,PUEBLA,TLAHUAPAN,0,8
2015,21,181,21181,PUEBLA,TLALTENANGO,1,4
2015,21,182,21182,PUEBLA,TLANEPANTLA,0,0
2015,21,183,21183,PUEBLA,TLAOLA,4,0
2015,21,184,21184,PUEBLA,TLAPACOYA,0,0
2015,21,185,21185,PUEBLA,TLAPANALA,2,0
2015,21,186,21186,PUEBLA,TLATLAUQUITEPEC,3,0
2015,21,187,21187,PUEBLA,TLAXCO,1,0
2015,21,188,21188,PUEBLA,TOCHIMILCO,0,0
2015,21,189,21189,PUEBLA,TOCHTEPEC,3,0
2015,21,190,21190,PUEBLA,TOTOLTEPEC DE GUERRERO,0,0
2015,21,191,21191,PUEBLA,TULCINGO,2,0
2015,21,192,21192,PUEBLA,TUZAMAPAN DE GALEANA,0,0
2015,21,193,21193,PUEBLA,TZICATLACOYAN,0,0
2015,21,194,21194,PUEBLA,VENUSTIANO CARRANZA,15,12
2015,21,195,21195,PUEBLA,VICENTE GUERRERO,2,0
2015,21,196,21196,PUEBLA,XAYACATLAN DE BRAVO,0,0
2015,21,197,21197,PUEBLA,XICOTEPEC,12,14
2015,21,198,21198,PUEBLA,XICOTLAN,0,0
2015,21,199,21199,PUEBLA,XIUTETELCO,0,0
2015,21,200,21200,PUEBLA,XOCHIAPULCO,0,0
2015,21,201,21201,PUEBLA,XOCHILTEPEC,0,0
2015,21,202,21202,PUEBLA,XOCHITLAN DE VICENTE SUAREZ,2,0
2015,21,203,21203,PUEBLA,XOCHITLAN TODOS SANTOS,0,0
2015,21,204,21204,PUEBLA,YAONAHUAC,1,0
2015,21,205,21205,PUEBLA,YEHUALTEPEC,3,0
2015,21,206,21206,PUEBLA,ZACAPALA,2,0
2015,21,207,21207,PUEBLA,ZACAPOAXTLA,1,0
2015,21,208,21208,PUEBLA,ZACATLAN,4,0
2015,21,209,21209,PUEBLA,ZAPOTITLAN,1,0
2015,21,210,21210,PUEBLA,ZAPOTITLAN DE MENDEZ,0,0
2015,21,211,21211,PUEBLA,ZARAGOZA,1,0
2015,21,212,21212,PUEBLA,ZAUTLA,0,0
2015,21,213,21213,PUEBLA,ZIHUATEUTLA,4,0
2015,21,214,21214,PUEBLA,ZINACATEPEC,0,0
2015,21,215,21215,PUEBLA,ZONGOZOTLA,0,0
2015,21,216,21216,PUEBLA,ZOQUIAPAN,0,0
2015,21,217,21217,PUEBLA,ZOQUITLAN,7,0
2016,21,001,21001,PUEBLA,ACAJETE,1,180
2016,21,002,21002,PUEBLA,ACATENO,2,0
2016,21,003,21003,PUEBLA,ACATLAN,10,0
2016,21,004,21004,PUEBLA,ACATZINGO,7,118
2016,21,005,21005,PUEBLA,ACTEOPAN,0,0
2016,21,006,21006,PUEBLA,AHUACATLAN,1,0
2016,21,007,21007,PUEBLA,AHUATLAN,0,0
2016,21,008,21008,PUEBLA,AHUAZOTEPEC,0,14
2016,21,009,21009,PUEBLA,AHUEHUETITLA,1,0
2016,21,010,21010,PUEBLA,AJALPAN,1,0
2016,21,011,21011,PUEBLA,ALBINO ZERTUCHE,0,0
2016,21,012,21012,PUEBLA,ALJOJUCA,0,0
2016,21,013,21013,PUEBLA,ALTEPEXI,1,0
2016,21,014,21014,PUEBLA,AMIXTLAN,0,0
2016,21,015,21015,PUEBLA,AMOZOC,8,41
2016,21,016,21016,PUEBLA,AQUIXTLA,0,0
2016,21,017,21017,PUEBLA,ATEMPAN,4,0
2016,21,018,21018,PUEBLA,ATEXCAL,0,0
2016,21,019,21019,PUEBLA,ATLIXCO,22,0
2016,21,020,21020,PUEBLA,ATOYATEMPAN,0,0
2016,21,021,21021,PUEBLA,ATZALA,0,0
2016,21,022,21022,PUEBLA,ATZITZIHUACAN,3,0
2016,21,023,21023,PUEBLA,ATZITZINTLA,3,0
2016,21,024,21024,PUEBLA,AXUTLA,0,0
2016,21,025,21025,PUEBLA,AYOTOXCO DE GUERRERO,3,0
2016,21,026,21026,PUEBLA,CALPAN,3,0
2016,21,027,21027,PUEBLA,CALTEPEC,0,0
2016,21,028,21028,PUEBLA,CAMOCUAUTLA,1,0
2016,21,029,21029,PUEBLA,CAXHUACAN,1,0
2016,21,030,21030,PUEBLA,COATEPEC,0,0
2016,21,031,21031,PUEBLA,COATZINGO,0,0
2016,21,032,21032,PUEBLA,COHETZALA,0,0
2016,21,033,21033,PUEBLA,COHUECAN,1,0
2016,21,034,21034,PUEBLA,CORONANGO,3,41
2016,21,035,21035,PUEBLA,COXCATLAN,2,0
2016,21,036,21036,PUEBLA,COYOMEAPAN,2,0
2016,21,037,21037,PUEBLA,COYOTEPEC,0,0
2016,21,038,21038,PUEBLA,CUAPIAXTLA DE MADERO,2,0
2016,21,039,21039,PUEBLA,CUAUTEMPAN,1,0
2016,21,040,21040,PUEBLA,CUAUTINCHAN,0,0
2016,21,041,21041,PUEBLA,CUAUTLANCINGO,5,12
2016,21,042,21042,PUEBLA,CUAYUCA DE ANDRADE,0,0
2016,21,043,21043,PUEBLA,CUETZALAN DEL PROGRESO,5,0
2016,21,044,21044,PUEBLA,CUYOACO,0,0
2016,21,045,21045,PUEBLA,CHALCHICOMULA DE SESMA,7,0
2016,21,046,21046,PUEBLA,CHAPULCO,1,0
2016,21,047,21047,PUEBLA,CHIAUTLA,4,0
2016,21,048,21048,PUEBLA,CHIAUTZINGO,0,0
2016,21,049,21049,PUEBLA,CHICONCUAUTLA,1,0
2016,21,050,21050,PUEBLA,CHICHIQUILA,1,0
2016,21,051,21051,PUEBLA,CHIETLA,8,0
2016,21,052,21052,PUEBLA,CHIGMECATITLAN,0,0
2016,21,053,21053,PUEBLA,CHIGNAHUAPAN,3,0
2016,21,054,21054,PUEBLA,CHIGNAUTLA,2,0
2016,21,055,21055,PUEBLA,CHILA,2,0
2016,21,056,21056,PUEBLA,CHILA DE LA SAL,0,0
2016,21,057,21057,PUEBLA,HONEY,0,0
2016,21,058,21058,PUEBLA,CHILCHOTLA,0,0
2016,21,059,21059,PUEBLA,CHINANTLA,1,0
2016,21,060,21060,PUEBLA,DOMINGO ARENAS,0,0
2016,21,061,21061,PUEBLA,ELOXOCHITLAN,3,0
2016,21,062,21062,PUEBLA,EPATLAN,0,0
2016,21,063,21063,PUEBLA,ESPERANZA,7,74
2016,21,064,21064,PUEBLA,FRANCISCO Z. MENA,6,0
2016,21,065,21065,PUEBLA,GENERAL FELIPE ANGELES,4,0
2016,21,066,21066,PUEBLA,GUADALUPE,0,0
2016,21,067,21067,PUEBLA,GUADALUPE VICTORIA,4,0
2016,21,068,21068,PUEBLA,HERMENEGILDO GALEANA,1,0
2016,21,069,21069,PUEBLA,HUAQUECHULA,2,0
2016,21,070,21070,PUEBLA,HUATLATLAUCA,0,0
2016,21,071,21071,PUEBLA,HUAUCHINANGO,16,12
2016,21,072,21072,PUEBLA,HUEHUETLA,1,0
2016,21,073,21073,PUEBLA,HUEHUETLAN EL CHICO,1,0
2016,21,074,21074,PUEBLA,HUEJOTZINGO,2,1
2016,21,075,21075,PUEBLA,HUEYAPAN,1,0
2016,21,076,21076,PUEBLA,HUEYTAMALCO,7,0
2016,21,077,21077,PUEBLA,HUEYTLALPAN,0,0
2016,21,078,21078,PUEBLA,HUITZILAN DE SERDAN,1,0
2016,21,079,21079,PUEBLA,HUITZILTEPEC,0,0
2016,21,080,21080,PUEBLA,ATLEQUIZAYAN,0,0
2016,21,081,21081,PUEBLA,IXCAMILPA DE GUERRERO,1,0
2016,21,082,21082,PUEBLA,IXCAQUIXTLA,1,0
2016,21,083,21083,PUEBLA,IXTACAMAXTITLAN,3,0
2016,21,084,21084,PUEBLA,IXTEPEC,0,0
2016,21,085,21085,PUEBLA,IZUCAR DE MATAMOROS,18,0
2016,21,086,21086,PUEBLA,JALPAN,9,8
2016,21,087,21087,PUEBLA,JOLALPAN,2,0
2016,21,088,21088,PUEBLA,JONOTLA,1,0
2016,21,089,21089,PUEBLA,JOPALA,1,0
2016,21,090,21090,PUEBLA,JUAN C. BONILLA,1,0
2016,21,091,21091,PUEBLA,JUAN GALINDO,1,0
2016,21,092,21092,PUEBLA,JUAN N. MENDEZ,0,0
2016,21,093,21093,PUEBLA,LAFRAGUA,0,0
2016,21,094,21094,PUEBLA,LIBRES,2,0
2016,21,095,21095,PUEBLA,LA MAGDALENA TLATLAUQUITEPEC,0,0
2016,21,096,21096,PUEBLA,MAZAPILTEPEC DE JUAREZ,0,0
2016,21,097,21097,PUEBLA,MIXTLA,0,0
2016,21,098,21098,PUEBLA,MOLCAXAC,0,0
2016,21,099,21099,PUEBLA,CA„ADA MORELOS,9,0
2016,21,100,21100,PUEBLA,NAUPAN,0,0
2016,21,101,21101,PUEBLA,NAUZONTLA,2,0
2016,21,102,21102,PUEBLA,NEALTICAN,1,0
2016,21,103,21103,PUEBLA,NICOLAS BRAVO,1,0
2016,21,104,21104,PUEBLA,NOPALUCAN,1,0
2016,21,105,21105,PUEBLA,OCOTEPEC,0,0
2016,21,106,21106,PUEBLA,OCOYUCAN,3,0
2016,21,107,21107,PUEBLA,OLINTLA,0,0
2016,21,108,21108,PUEBLA,ORIENTAL,5,0
2016,21,109,21109,PUEBLA,PAHUATLAN,2,0
2016,21,110,21110,PUEBLA,PALMAR DE BRAVO,17,283
2016,21,111,21111,PUEBLA,PANTEPEC,4,0
2016,21,112,21112,PUEBLA,PETLALCINGO,2,0
2016,21,113,21113,PUEBLA,PIAXTLA,1,0
2016,21,114,21114,PUEBLA,PUEBLA,72,3
2016,21,115,21115,PUEBLA,QUECHOLAC,5,138
2016,21,116,21116,PUEBLA,QUIMIXTLAN,4,0
2016,21,117,21117,PUEBLA,RAFAEL LARA GRAJALES,0,0
2016,21,118,21118,PUEBLA,LOS REYES DE JUAREZ,2,4
2016,21,119,21119,PUEBLA,SAN ANDRES CHOLULA,14,0
2016,21,120,21120,PUEBLA,SAN ANTONIO CA„ADA,0,0
2016,21,121,21121,PUEBLA,SAN DIEGO LA MESA TOCHIMILTZINGO,0,0
2016,21,122,21122,PUEBLA,SAN FELIPE TEOTLALCINGO,0,0
2016,21,123,21123,PUEBLA,SAN FELIPE TEPATLAN,1,0
2016,21,124,21124,PUEBLA,SAN GABRIEL CHILAC,3,0
2016,21,125,21125,PUEBLA,SAN GREGORIO ATZOMPA,0,0
2016,21,126,21126,PUEBLA,SAN JERONIMO TECUANIPAN,0,0
2016,21,127,21127,PUEBLA,SAN JERONIMO XAYACATLAN,0,0
2016,21,128,21128,PUEBLA,SAN JOSE CHIAPA,0,0
2016,21,129,21129,PUEBLA,SAN JOSE MIAHUATLAN,1,0
2016,21,130,21130,PUEBLA,SAN JUAN ATENCO,1,0
2016,21,131,21131,PUEBLA,SAN JUAN ATZOMPA,0,0
2016,21,132,21132,PUEBLA,SAN MARTIN TEXMELUCAN,11,75
2016,21,133,21133,PUEBLA,SAN MARTIN TOTOLTEPEC,0,0
2016,21,134,21134,PUEBLA,SAN MATIAS TLALANCALECA,1,75
2016,21,135,21135,PUEBLA,SAN MIGUEL IXITLAN,0,0
2016,21,136,21136,PUEBLA,SAN MIGUEL XOXTLA,0,2
2016,21,137,21137,PUEBLA,SAN NICOLAS BUENOS AIRES,0,0
2016,21,138,21138,PUEBLA,SAN NICOLAS DE LOS RANCHOS,2,0
2016,21,139,21139,PUEBLA,SAN PABLO ANICANO,0,0
2016,21,140,21140,PUEBLA,SAN PEDRO CHOLULA,5,0
2016,21,141,21141,PUEBLA,SAN PEDRO YELOIXTLAHUACA,2,0
2016,21,142,21142,PUEBLA,SAN SALVADOR EL SECO,1,0
2016,21,143,21143,PUEBLA,SAN SALVADOR EL VERDE,1,28
2016,21,144,21144,PUEBLA,SAN SALVADOR HUIXCOLOTLA,1,0
2016,21,145,21145,PUEBLA,SAN SEBASTIAN TLACOTEPEC,1,0
2016,21,146,21146,PUEBLA,SANTA CATARINA TLALTEMPAN,0,0
2016,21,147,21147,PUEBLA,SANTA INES AHUATEMPAN,0,0
2016,21,148,21148,PUEBLA,SANTA ISABEL CHOLULA,1,0
2016,21,149,21149,PUEBLA,SANTIAGO MIAHUATLAN,1,0
2016,21,150,21150,PUEBLA,HUEHUETLAN EL GRANDE,3,0
2016,21,151,21151,PUEBLA,SANTO TOMAS HUEYOTLIPAN,0,0
2016,21,152,21152,PUEBLA,SOLTEPEC,0,0
2016,21,153,21153,PUEBLA,TECALI DE HERRERA,2,0
2016,21,154,21154,PUEBLA,TECAMACHALCO,13,15
2016,21,155,21155,PUEBLA,TECOMATLAN,2,0
2016,21,156,21156,PUEBLA,TEHUACAN,37,0
2016,21,157,21157,PUEBLA,TEHUITZINGO,3,0
2016,21,158,21158,PUEBLA,TENAMPULCO,1,0
2016,21,159,21159,PUEBLA,TEOPANTLAN,2,0
2016,21,160,21160,PUEBLA,TEOTLALCO,1,0
2016,21,161,21161,PUEBLA,TEPANCO DE LOPEZ,1,0
2016,21,162,21162,PUEBLA,TEPANGO DE RODRIGUEZ,0,0
2016,21,163,21163,PUEBLA,TEPATLAXCO DE HIDALGO,4,0
2016,21,164,21164,PUEBLA,TEPEACA,10,352
2016,21,165,21165,PUEBLA,TEPEMAXALCO,0,0
2016,21,166,21166,PUEBLA,TEPEOJUMA,2,0
2016,21,167,21167,PUEBLA,TEPETZINTLA,1,0
2016,21,168,21168,PUEBLA,TEPEXCO,2,0
2016,21,169,21169,PUEBLA,TEPEXI DE RODRIGUEZ,3,0
2016,21,170,21170,PUEBLA,TEPEYAHUALCO,1,0
2016,21,171,21171,PUEBLA,TEPEYAHUALCO DE CUAUHTEMOC,0,0
2016,21,172,21172,PUEBLA,TETELA DE OCAMPO,1,0
2016,21,173,21173,PUEBLA,TETELES DE AVILA CASTILLO,0,0
2016,21,174,21174,PUEBLA,TEZIUTLAN,5,0
2016,21,175,21175,PUEBLA,TIANGUISMANALCO,0,0
2016,21,176,21176,PUEBLA,TILAPA,3,0
2016,21,177,21177,PUEBLA,TLACOTEPEC DE BENITO JUAREZ,4,0
2016,21,178,21178,PUEBLA,TLACUILOTEPEC,1,0
2016,21,179,21179,PUEBLA,TLACHICHUCA,0,0
2016,21,180,21180,PUEBLA,TLAHUAPAN,2,16
2016,21,181,21181,PUEBLA,TLALTENANGO,2,3
2016,21,182,21182,PUEBLA,TLANEPANTLA,0,0
2016,21,183,21183,PUEBLA,TLAOLA,4,0
2016,21,184,21184,PUEBLA,TLAPACOYA,0,0
2016,21,185,21185,PUEBLA,TLAPANALA,1,0
2016,21,186,21186,PUEBLA,TLATLAUQUITEPEC,1,0
2016,21,187,21187,PUEBLA,TLAXCO,2,0
2016,21,188,21188,PUEBLA,TOCHIMILCO,2,0
2016,21,189,21189,PUEBLA,TOCHTEPEC,2,0
2016,21,190,21190,PUEBLA,TOTOLTEPEC DE GUERRERO,0,0
2016,21,191,21191,PUEBLA,TULCINGO,1,0
2016,21,192,21192,PUEBLA,TUZAMAPAN DE GALEANA,1,0
2016,21,193,21193,PUEBLA,TZICATLACOYAN,0,0
2016,21,194,21194,PUEBLA,VENUSTIANO CARRANZA,14,13
2016,21,195,21195,PUEBLA,VICENTE GUERRERO,0,0
2016,21,196,21196,PUEBLA,XAYACATLAN DE BRAVO,0,0
2016,21,197,21197,PUEBLA,XICOTEPEC,19,25
2016,21,198,21198,PUEBLA,XICOTLAN,0,0
2016,21,199,21199,PUEBLA,XIUTETELCO,2,0
2016,21,200,21200,PUEBLA,XOCHIAPULCO,0,0
2016,21,201,21201,PUEBLA,XOCHILTEPEC,0,0
2016,21,202,21202,PUEBLA,XOCHITLAN DE VICENTE SUAREZ,0,0
2016,21,203,21203,PUEBLA,XOCHITLAN TODOS SANTOS,0,0
2016,21,204,21204,PUEBLA,YAONAHUAC,1,0
2016,21,205,21205,PUEBLA,YEHUALTEPEC,3,0
2016,21,206,21206,PUEBLA,ZACAPALA,3,0
2016,21,207,21207,PUEBLA,ZACAPOAXTLA,4,0
2016,21,208,21208,PUEBLA,ZACATLAN,16,0
2016,21,209,21209,PUEBLA,ZAPOTITLAN,0,0
2016,21,210,21210,PUEBLA,ZAPOTITLAN DE MENDEZ,0,0
2016,21,211,21211,PUEBLA,ZARAGOZA,1,0
2016,21,212,21212,PUEBLA,ZAUTLA,0,0
2016,21,213,21213,PUEBLA,ZIHUATEUTLA,2,0
2016,21,214,21214,PUEBLA,ZINACATEPEC,2,0
2016,21,215,21215,PUEBLA,ZONGOZOTLA,0,0
2016,21,216,21216,PUEBLA,ZOQUIAPAN,2,0
2016,21,217,21217,PUEBLA,ZOQUITLAN,4,0